Repo Name,GitHub URL
3box_3box-address-server,https://github.com/3box/3box-address-server
3box_3box-verifications,https://github.com/3box/3box-verifications
3PillarGlobal_engineering-playbook,https://github.com/3PillarGlobal/engineering-playbook
4art_insider_s3l3ct_kinesis,https://github.com/4art/insider_s3l3ct_kinesis
65_aws-slackops-serverless,https://github.com/65/aws-slackops-serverless
70-10_sandbox,https://github.com/70-10/sandbox
99xt-incubator_interns-portal,https://github.com/99xt-incubator/interns-portal
99xt_serverless-react-boilerplate,https://github.com/99xt/serverless-react-boilerplate
9bic_lambda2pushover,https://github.com/9bic/lambda2pushover
AaronChenchen_mygithub003,https://github.com/AaronChenchen/mygithub003
aashutoshrathi_git-profiler-bot,https://github.com/aashutoshrathi/git-profiler-bot
acambas_my_ser_starter,https://github.com/acambas/my_ser_starter
acnesiac_fullstacksnippets,https://github.com/acnesiac/fullstacksnippets
ACTtaiwan_frontend-api,https://github.com/ACTtaiwan/frontend-api
ACTtaiwan_us-tw-watch-site,https://github.com/ACTtaiwan/us-tw-watch-site
adambraimbridge_twist,https://github.com/adambraimbridge/twist
adieuadieu_retinal,https://github.com/adieuadieu/retinal
adieuadieu_serverless-chrome,https://github.com/adieuadieu/serverless-chrome
adieuadieu_thingamajigs,https://github.com/adieuadieu/thingamajigs
adikus_yt_playlist_dl,https://github.com/adikus/yt_playlist_dl
adriancarriger_experiments,https://github.com/adriancarriger/experiments
adrymyry_bdge,https://github.com/adrymyry/bdge
afiorito_Ladder,https://github.com/afiorito/Ladder
afiorito_SmartPot,https://github.com/afiorito/SmartPot
ahtih_panorama,https://github.com/ahtih/panorama
aiell0_prospectbot,https://github.com/aiell0/prospectbot
aiur100_bob-lambda-api,https://github.com/aiur100/bob-lambda-api
ajfisher_tourney-tools,https://github.com/ajfisher/tourney-tools
akhtarja_serverless-prime-generator,https://github.com/akhtarja/serverless-prime-generator
AKIRA-MIYAKE_serverless-typescript-starter,https://github.com/AKIRA-MIYAKE/serverless-typescript-starter
AKK9_torrent-ip-checker,https://github.com/AKK9/torrent-ip-checker
alanbo_serverless-cms,https://github.com/alanbo/serverless-cms
alasdairnicol_alexa-bin-collection,https://github.com/alasdairnicol/alexa-bin-collection
alessh_aws-serverless-starter,https://github.com/alessh/aws-serverless-starter
alexandrino_wotb-stats-serverless,https://github.com/alexandrino/wotb-stats-serverless
AlexGascon_diabetelegram,https://github.com/AlexGascon/diabetelegram
alexhogberg_slash-afterwork,https://github.com/alexhogberg/slash-afterwork
alexlitel_congresschanges,https://github.com/alexlitel/congresschanges
alexose_experiments,https://github.com/alexose/experiments
aliemteam_aliemcards_cards,https://github.com/aliemteam/aliemcards_cards
alizhdanov_alizhdanov.dev,https://github.com/alizhdanov/alizhdanov.dev
all-contributors_all-contributors-bot,https://github.com/all-contributors/all-contributors-bot
alleyinteractive_irving,https://github.com/alleyinteractive/irving
allthings_poeditor-sync-service-3000,https://github.com/allthings/poeditor-sync-service-3000
AlphaGit_worklogger,https://github.com/AlphaGit/worklogger
aluc-io_aluc-io,https://github.com/aluc-io/aluc-io
alvarocavalcanti_pierre-decheck,https://github.com/alvarocavalcanti/pierre-decheck
amarkwalder_dynamicdns,https://github.com/amarkwalder/dynamicdns
amavm_amavm-vdh-api,https://github.com/amavm/amavm-vdh-api
amissemer_ywiki-plugins,https://github.com/amissemer/ywiki-plugins
amits97_amitsn-blog,https://github.com/amits97/amitsn-blog
amits97_naadan-chords,https://github.com/amits97/naadan-chords
AmoDinho_lunar-tour-v2,https://github.com/AmoDinho/lunar-tour-v2
anddimario_stiva,https://github.com/anddimario/stiva
andreasonny83_serverless-name-generator,https://github.com/andreasonny83/serverless-name-generator
AndresUrregoAngel_CBB,https://github.com/AndresUrregoAngel/CBB
andriesss_qa-github-webhooks,https://github.com/andriesss/qa-github-webhooks
andyjduncan_url-shrtnr,https://github.com/andyjduncan/url-shrtnr
angelfcm_prize-ranking-api,https://github.com/angelfcm/prize-ranking-api
AnomalyInnovations_serverless-nodejs-starter,https://github.com/AnomalyInnovations/serverless-nodejs-starter
anta-semenov_AI,https://github.com/anta-semenov/AI
antonbabenko_modules.tf-lambda,https://github.com/antonbabenko/modules.tf-lambda
anuradhawick_vinyl-search,https://github.com/anuradhawick/vinyl-search
anuragkapur_rowfitt-erg-image-service,https://github.com/anuragkapur/rowfitt-erg-image-service
anwyho_bartbot.bak,https://github.com/anwyho/bartbot.bak
apache_incubator-mxnet-ci,https://github.com/apache/incubator-mxnet-ci
apoca_lambda-resize-image,https://github.com/apoca/lambda-resize-image
arabold_serverless-react-boilerplate,https://github.com/arabold/serverless-react-boilerplate
arackaf_booklist,https://github.com/arackaf/booklist
arashout_ubcapi,https://github.com/arashout/ubcapi
aregus_test_post,https://github.com/aregus/test_post
armandopadilla_ggplatform-api,https://github.com/armandopadilla/ggplatform-api
art-1st_lvlz.us,https://github.com/art-1st/lvlz.us
artoliukkonen_serverless-es6-boilerplate,https://github.com/artoliukkonen/serverless-es6-boilerplate
aRusenov_lambda-image-resize,https://github.com/aRusenov/lambda-image-resize
arushkamboj_track-my-crypto,https://github.com/arushkamboj/track-my-crypto
asaxen_Codeterrific,https://github.com/asaxen/Codeterrific
astampoulis_makam,https://github.com/astampoulis/makam
asteriusj_semanticdatamaster,https://github.com/asteriusj/semanticdatamaster
async-labs_saas,https://github.com/async-labs/saas
awrznc_scribble,https://github.com/awrznc/scribble
AWSinAction_apigateway,https://github.com/AWSinAction/apigateway
awskrug_handson-labs-2018,https://github.com/awskrug/handson-labs-2018
awslabs_amazon-pollexy,https://github.com/awslabs/amazon-pollexy
b-massey_serverless-lambda-letsencrypt-autorenew,https://github.com/b-massey/serverless-lambda-letsencrypt-autorenew
BadIdeaFactory_contextubot,https://github.com/BadIdeaFactory/contextubot
balassy_camview,https://github.com/balassy/camview
bdgamble_superagent-aws-signed-request,https://github.com/bdgamble/superagent-aws-signed-request
bdxdh_java-shejimoshi,https://github.com/bdxdh/java-shejimoshi
bendemboski_frisky-girl-farm-api,https://github.com/bendemboski/frisky-girl-farm-api
benwhitman_holibot,https://github.com/benwhitman/holibot
beproud_bp-cron,https://github.com/beproud/bp-cron
bermudez_nkc-webapp,https://github.com/bermudez/nkc-webapp
Bersaelor_ARCMS-Backend,https://github.com/Bersaelor/ARCMS-Backend
bespinian_k8s-faas-comparison,https://github.com/bespinian/k8s-faas-comparison
bharatari_utd-grades,https://github.com/bharatari/utd-grades
bibbycodes_ft-infra-tech-test-robert-griffith,https://github.com/bibbycodes/ft-infra-tech-test-robert-griffith
biglotteryfund_grants-service,https://github.com/biglotteryfund/grants-service
bitscooplabs_lifescope,https://github.com/bitscooplabs/lifescope
bkuhlen73_udemy,https://github.com/bkuhlen73/udemy
blackboard_lambda-selenium,https://github.com/blackboard/lambda-selenium
bluefrogjam_wcmc,https://github.com/bluefrogjam/wcmc
bluephlavio_hotcities-lambdas,https://github.com/bluephlavio/hotcities-lambdas
bobman38_nelligan-plus,https://github.com/bobman38/nelligan-plus
bobstrange_js-sandbox,https://github.com/bobstrange/js-sandbox
bobstrange_sandbox,https://github.com/bobstrange/sandbox
bongbang_num,https://github.com/bongbang/num
bonnina_Breakfast-App,https://github.com/bonnina/Breakfast-App
boristane_blog-api,https://github.com/boristane/blog-api
boroivanov_yoki,https://github.com/boroivanov/yoki
Bounties-Network_BountiesAPI,https://github.com/Bounties-Network/BountiesAPI
bradeac_lambda-getPrice,https://github.com/bradeac/lambda-getPrice
bradeac_lambda-getWalletBalance,https://github.com/bradeac/lambda-getWalletBalance
brandonlee781_email-inliner,https://github.com/brandonlee781/email-inliner
breath103_seoul-bike,https://github.com/breath103/seoul-bike
brefphp_bref,https://github.com/brefphp/bref
brefphp_laravel-bridge,https://github.com/brefphp/laravel-bridge
brickpop_serverless-tdd-starter,https://github.com/brickpop/serverless-tdd-starter
brittaniSavery_siba-league-site,https://github.com/brittaniSavery/siba-league-site
brokalys_sls-api,https://github.com/brokalys/sls-api
bruin-iwai_avshare,https://github.com/bruin-iwai/avshare
bruin-iwai_tgbot,https://github.com/bruin-iwai/tgbot
BrunoBiluca_Cursos,https://github.com/BrunoBiluca/Cursos
bryanriosb_chat-AWSIoT,https://github.com/bryanriosb/chat-AWSIoT
bundlewatch_service,https://github.com/bundlewatch/service
bykof_notar,https://github.com/bykof/notar
caffeinetv_snappy,https://github.com/caffeinetv/snappy
capnfabs_emoji-haiku,https://github.com/capnfabs/emoji-haiku
cazfanel_laravel-app,https://github.com/cazfanel/laravel-app
cc6-ject_ject-backend,https://github.com/cc6-ject/ject-backend
cctechcloud_ans-backend-api-aws,https://github.com/cctechcloud/ans-backend-api-aws
celeron1ghz_twitter-bot-pigii,https://github.com/celeron1ghz/twitter-bot-pigii
cfrank0214_notes_api,https://github.com/cfrank0214/notes_api
chasingmaxwell_FeedBoost,https://github.com/chasingmaxwell/FeedBoost
chrisberry4545_seasonal,https://github.com/chrisberry4545/seasonal
chrisberry4545_seasonal-backend,https://github.com/chrisberry4545/seasonal-backend
chrishutchinson_air-quality-alexa-skill,https://github.com/chrishutchinson/air-quality-alexa-skill
christinning_qos-fixtures,https://github.com/christinning/qos-fixtures
Cimpress-MCP_felix,https://github.com/Cimpress-MCP/felix
citizensadvice_advice-tracker,https://github.com/citizensadvice/advice-tracker
City-Bureau_chi-bill-bot,https://github.com/City-Bureau/chi-bill-bot
ckuijjer_expatcinema.com,https://github.com/ckuijjer/expatcinema.com
clarsen_go-trello-workflow,https://github.com/clarsen/go-trello-workflow
claudijd_ssh_observatory,https://github.com/claudijd/ssh_observatory
cloudavail_snippets,https://github.com/cloudavail/snippets
cloudfix_cloudfix,https://github.com/cloudfix/cloudfix
cloudreach_aws-lambda-es-cleanup,https://github.com/cloudreach/aws-lambda-es-cleanup
CMetrot_TP_OutilDev,https://github.com/CMetrot/TP_OutilDev
codeontap_lambda-log-processors,https://github.com/codeontap/lambda-log-processors
codesandbox_dependency-packager,https://github.com/codesandbox/dependency-packager
codetaming_indy-ingest,https://github.com/codetaming/indy-ingest
CodeYourFuture_cyf-react,https://github.com/CodeYourFuture/cyf-react
colbywhite_why82-backend,https://github.com/colbywhite/why82-backend
coleHafner_v3.colehafner.com,https://github.com/coleHafner/v3.colehafner.com
coltonTB_writeydrawey.site,https://github.com/coltonTB/writeydrawey.site
commandeer_open,https://github.com/commandeer/open
commercetools_commercetools-sdk-php-v2,https://github.com/commercetools/commercetools-sdk-php-v2
communitybridge_easycla,https://github.com/communitybridge/easycla
concurrencylabs_aws-pricing-tools,https://github.com/concurrencylabs/aws-pricing-tools
connect-our-kids_people-search,https://github.com/connect-our-kids/people-search
ConsenSys_Luxarity-SensuiMod,https://github.com/ConsenSys/Luxarity-SensuiMod
conveyal_trevorbot,https://github.com/conveyal/trevorbot
coreTruth_MERN_saas,https://github.com/coreTruth/MERN_saas
coreTruth_saas_MERN_Material,https://github.com/coreTruth/saas_MERN_Material
craftship_codebox-npm,https://github.com/craftship/codebox-npm
cristiancmello_lambslim,https://github.com/cristiancmello/lambslim
CruGlobal_kirby,https://github.com/CruGlobal/kirby
CruGlobal_obiee-ws-ping,https://github.com/CruGlobal/obiee-ws-ping
CruGlobal_scale-of-belief-import,https://github.com/CruGlobal/scale-of-belief-import
cshtdd_jlotto-scrapper,https://github.com/cshtdd/jlotto-scrapper
CultureHQ_polyfill-lambda,https://github.com/CultureHQ/polyfill-lambda
cycleseven_lunchbot,https://github.com/cycleseven/lunchbot
d0ruk_serverless-notes-app,https://github.com/d0ruk/serverless-notes-app
dalesupa22_python-serverless-wsgi,https://github.com/dalesupa22/python-serverless-wsgi
danhimalplanet_advent,https://github.com/danhimalplanet/advent
danielhensilva_extras,https://github.com/danielhensilva/extras
DanielRSnell_gatsby-wp,https://github.com/DanielRSnell/gatsby-wp
danielschleindlsperger_syncify-legacy,https://github.com/danielschleindlsperger/syncify-legacy
Dannobot_sls-siliconmadnes,https://github.com/Dannobot/sls-siliconmadnes
danwdart_serverless-prs-github,https://github.com/danwdart/serverless-prs-github
DataDog_datadog-lambda-layer-js,https://github.com/DataDog/datadog-lambda-layer-js
datagovsg_beeline-tracking,https://github.com/datagovsg/beeline-tracking
davcheng_paydavid.io,https://github.com/davcheng/paydavid.io
DavidCain_bibliophile,https://github.com/DavidCain/bibliophile
DavidWells_davidwells-legacy-site,https://github.com/DavidWells/davidwells-legacy-site
DavidWells_scope,https://github.com/DavidWells/scope
dbramwell_davidbramwell,https://github.com/dbramwell/davidbramwell
dbushell_dbushell.com,https://github.com/dbushell/dbushell.com
DeanWen_serverless-java,https://github.com/DeanWen/serverless-java
debtcollective_document-service,https://github.com/debtcollective/document-service
deepakpc_serverless-stack-2-api,https://github.com/deepakpc/serverless-stack-2-api
DEFRA_lfw-data,https://github.com/DEFRA/lfw-data
demidov91_belarusbank,https://github.com/demidov91/belarusbank
dennisseidel_healthbot,https://github.com/dennisseidel/healthbot
deQuota_LiveWings-ng,https://github.com/deQuota/LiveWings-ng
dested_OrbitalGa.me,https://github.com/dested/OrbitalGa.me
DestinyClanManager_dcm-activity,https://github.com/DestinyClanManager/dcm-activity
DestinyClanManager_dcm-exemptions,https://github.com/DestinyClanManager/dcm-exemptions
DestinyClanManager_dcm-notes,https://github.com/DestinyClanManager/dcm-notes
DestinyClanManager_dcm-registry,https://github.com/DestinyClanManager/dcm-registry
DestinyClanManager_dcm-removals,https://github.com/DestinyClanManager/dcm-removals
dev8702_beyond.ts,https://github.com/dev8702/beyond.ts
dglcinc_HVAC-pi,https://github.com/dglcinc/HVAC-pi
Diceling_pythonprototyping,https://github.com/Diceling/pythonprototyping
diegoluiz_sandbox,https://github.com/diegoluiz/sandbox
diegopacheco_java-pocs,https://github.com/diegopacheco/java-pocs
dinesh9492_lambdatest,https://github.com/dinesh9492/lambdatest
divyenduz_w3z-universe,https://github.com/divyenduz/w3z-universe
djiti_skill-factory,https://github.com/djiti/skill-factory
dlidstrom_PrimeNumberCalculator,https://github.com/dlidstrom/PrimeNumberCalculator
dmikrot_slack-dnd-5e,https://github.com/dmikrot/slack-dnd-5e
doc22940_gatsby,https://github.com/doc22940/gatsby
DongjunLee_quantified-self,https://github.com/DongjunLee/quantified-self
donsuhr_serverless-webp-create,https://github.com/donsuhr/serverless-webp-create
DoSomething_lambda-papertrail,https://github.com/DoSomething/lambda-papertrail
doug7410_angela-todd-photography,https://github.com/doug7410/angela-todd-photography
dougmoscrop_serverless-http,https://github.com/dougmoscrop/serverless-http
drake-jin_reward,https://github.com/drake-jin/reward
dreamiurg_weather-station,https://github.com/dreamiurg/weather-station
DrFriendless_ExtendedStatsServerless,https://github.com/DrFriendless/ExtendedStatsServerless
dschep_hows-my-driving-dc,https://github.com/dschep/hows-my-driving-dc
dvsa_cvs-svc-activities,https://github.com/dvsa/cvs-svc-activities
dvsa_cvs-svc-defects,https://github.com/dvsa/cvs-svc-defects
dvsa_cvs-svc-doc-gen,https://github.com/dvsa/cvs-svc-doc-gen
dvsa_cvs-svc-preparers,https://github.com/dvsa/cvs-svc-preparers
dvsa_cvs-svc-technical-records,https://github.com/dvsa/cvs-svc-technical-records
dvsa_cvs-svc-test-number,https://github.com/dvsa/cvs-svc-test-number
dvsa_cvs-svc-test-results,https://github.com/dvsa/cvs-svc-test-results
dvsa_cvs-svc-test-stations,https://github.com/dvsa/cvs-svc-test-stations
dvsa_cvs-svc-test-types,https://github.com/dvsa/cvs-svc-test-types
dvsa_cvs-tsk-atf-report-gen,https://github.com/dvsa/cvs-tsk-atf-report-gen
dvsa_cvs-tsk-atf-report-gen-init,https://github.com/dvsa/cvs-tsk-atf-report-gen-init
dvsa_cvs-tsk-cert-gen,https://github.com/dvsa/cvs-tsk-cert-gen
dvsa_cvs-tsk-cert-gen-init,https://github.com/dvsa/cvs-tsk-cert-gen-init
dvsa_cvs-tsk-cert-gov-notify,https://github.com/dvsa/cvs-tsk-cert-gov-notify
dvsa_cvs-tsk-retro-gen,https://github.com/dvsa/cvs-tsk-retro-gen
dvsa_cvs-tsk-retro-gen-init,https://github.com/dvsa/cvs-tsk-retro-gen-init
dvsa_mes-configuration-service,https://github.com/dvsa/mes-configuration-service
dvsa_mes-data-poller-service,https://github.com/dvsa/mes-data-poller-service
dvsa_mes-documents-service,https://github.com/dvsa/mes-documents-service
dvsa_mes-journal-service,https://github.com/dvsa/mes-journal-service
dvsa_mes-logs-service,https://github.com/dvsa/mes-logs-service
dvsa_mes-mi-export-service,https://github.com/dvsa/mes-mi-export-service
dvsa_mes-result-processing-service,https://github.com/dvsa/mes-result-processing-service
dvsa_mes-result-service,https://github.com/dvsa/mes-result-service
dvsa_vehicle-recalls-api,https://github.com/dvsa/vehicle-recalls-api
Dwarakeshwaran_Code-Geek,https://github.com/Dwarakeshwaran/Code-Geek
dwhitnee_euchre,https://github.com/dwhitnee/euchre
Dwolla_bambot,https://github.com/Dwolla/bambot
Dwolla_cloudwatch-alarm-cleanup,https://github.com/Dwolla/cloudwatch-alarm-cleanup
dylan-thinnes_solsys,https://github.com/dylan-thinnes/solsys
Dynatrace_serverless-hotday-2019,https://github.com/Dynatrace/serverless-hotday-2019
earaujoassis_postal,https://github.com/earaujoassis/postal
ec-europa_eubfr-data-lake,https://github.com/ec-europa/eubfr-data-lake
EconomistDigitalSolutions_circleci-aws-key-rotator,https://github.com/EconomistDigitalSolutions/circleci-aws-key-rotator
ecoruh_wombat,https://github.com/ecoruh/wombat
ecrmnn_sls-aws-nodejs-boilerplate,https://github.com/ecrmnn/sls-aws-nodejs-boilerplate
egodon_React-Notes,https://github.com/egodon/React-Notes
einnor_camera-challenge,https://github.com/einnor/camera-challenge
el-asunto_interview-backend,https://github.com/el-asunto/interview-backend
elchicofrommo_ChicoCode,https://github.com/elchicofrommo/ChicoCode
Element84_cmr-stac-api-proxy,https://github.com/Element84/cmr-stac-api-proxy
elenakves_lambda-serverless-flask,https://github.com/elenakves/lambda-serverless-flask
elloboblanco_6942069,https://github.com/elloboblanco/6942069
emckay_tweetpred,https://github.com/emckay/tweetpred
emenendez_tamcounter,https://github.com/emenendez/tamcounter
emptyport_models-by-mike,https://github.com/emptyport/models-by-mike
Energy-Sparks_energy-sparks,https://github.com/Energy-Sparks/energy-sparks
epicfaace_CFF,https://github.com/epicfaace/CFF
episodehunter_episodehunter,https://github.com/episodehunter/episodehunter
episodehunter_image-proxy,https://github.com/episodehunter/image-proxy
epsagon_epsagon-python,https://github.com/epsagon/epsagon-python
EQuimper_equimper.com,https://github.com/EQuimper/equimper.com
erezrokah_gitchi,https://github.com/erezrokah/gitchi
erezrokah_serverless-monitoring-app,https://github.com/erezrokah/serverless-monitoring-app
erezrokah_serverless-monorepo-app,https://github.com/erezrokah/serverless-monorepo-app
ericnchen_aws-lambda-latex,https://github.com/ericnchen/aws-lambda-latex
escaladesports_legacy-esca-scripts,https://github.com/escaladesports/legacy-esca-scripts
estranged42_lunchup,https://github.com/estranged42/lunchup
ets-berkeley-edu_cloudlrs-ingest-microservice,https://github.com/ets-berkeley-edu/cloudlrs-ingest-microservice
EugeneDraitsev_telegram-bot-app,https://github.com/EugeneDraitsev/telegram-bot-app
EveryMundo_nodejs-techniques-benchmarks,https://github.com/EveryMundo/nodejs-techniques-benchmarks
ezl_dailyidea.com,https://github.com/ezl/dailyidea.com
faizanbashir_python-ses-dynamodb-contactform,https://github.com/faizanbashir/python-ses-dynamodb-contactform
fakecoinbase_CodaProtocolslashcoda,https://github.com/fakecoinbase/CodaProtocolslashcoda
farmerajf_alexa-rota,https://github.com/farmerajf/alexa-rota
faulke_weatherapp,https://github.com/faulke/weatherapp
fecaps-org_financial-control-api,https://github.com/fecaps-org/financial-control-api
feedm3_event-guru-backend,https://github.com/feedm3/event-guru-backend
femioladeji_slack-words,https://github.com/femioladeji/slack-words
ffissore_shorty,https://github.com/ffissore/shorty
fid9_one-d-integration-serverless,https://github.com/fid9/one-d-integration-serverless
Fiiii_fii-sls-auth0-auth,https://github.com/Fiiii/fii-sls-auth0-auth
Financial-Times_origami-codedocs,https://github.com/Financial-Times/origami-codedocs
Financial-Times_origami-webhooks,https://github.com/Financial-Times/origami-webhooks
Financial-Times_shorthand-lambda,https://github.com/Financial-Times/shorthand-lambda
finos_cla-bot,https://github.com/finos/cla-bot
fishbrain_cloudwatch-sidekiq-stats,https://github.com/fishbrain/cloudwatch-sidekiq-stats
fishbrain_codebuild-slack-notifier,https://github.com/fishbrain/codebuild-slack-notifier
flynnpark_movie-log,https://github.com/flynnpark/movie-log
Footage-Firm_meeting-room-traffic-lights,https://github.com/Footage-Firm/meeting-room-traffic-lights
forest-fire_firemock,https://github.com/forest-fire/firemock
forest-fire_serialized-query,https://github.com/forest-fire/serialized-query
FormidableLabs_badges,https://github.com/FormidableLabs/badges
fourTheorem_ai-as-a-service,https://github.com/fourTheorem/ai-as-a-service
fredagsdeploy_hashtag-lunch-reviews,https://github.com/fredagsdeploy/hashtag-lunch-reviews
fredde975_helpfiles,https://github.com/fredde975/helpfiles
freeCodeCamp_open-api,https://github.com/freeCodeCamp/open-api
Frojd_VersionWatcher,https://github.com/Frojd/VersionWatcher
fsclyde_sox-hipaa-devops,https://github.com/fsclyde/sox-hipaa-devops
fullstack412_AWS-serverless-starter,https://github.com/fullstack412/AWS-serverless-starter
g-six_armada,https://github.com/g-six/armada
gabemarshall_monocular,https://github.com/gabemarshall/monocular
gaerongsalon_mist,https://github.com/gaerongsalon/mist
Gakuzo_Test-CircleCI2.0,https://github.com/Gakuzo/Test-CircleCI2.0
geopython_pygeoapi,https://github.com/geopython/pygeoapi
georgialexandrov_smart-home,https://github.com/georgialexandrov/smart-home
Gershon-A_test,https://github.com/Gershon-A/test
giffon_giffon,https://github.com/giffon/giffon
gin_snowboarder-pow-finder,https://github.com/gin/snowboarder-pow-finder
gitgrimbo_br-experiments,https://github.com/gitgrimbo/br-experiments
gitgrimbo_ponds-forge-lane-swimming,https://github.com/gitgrimbo/ponds-forge-lane-swimming
gladly-team_tab,https://github.com/gladly-team/tab
GlobalHack_cemaritan,https://github.com/GlobalHack/cemaritan
GourdErwa_MyNote,https://github.com/GourdErwa/MyNote
gouthamkrishna_mad-scientist-app,https://github.com/gouthamkrishna/mad-scientist-app
gregstewart_Teacup-In-A-Storm,https://github.com/gregstewart/Teacup-In-A-Storm
groppe_kart,https://github.com/groppe/kart
grrr-amsterdam_microservice-decryptor,https://github.com/grrr-amsterdam/microservice-decryptor
Guilhemfuel_passetonbillet,https://github.com/Guilhemfuel/passetonbillet
gulpetl_gulp-etl-handlelines,https://github.com/gulpetl/gulp-etl-handlelines
gundersong_lambda-dynamo-typescript-poc,https://github.com/gundersong/lambda-dynamo-typescript-poc
gwittchen_lambda-ocr,https://github.com/gwittchen/lambda-ocr
HackCovid19CATS_cats-notes-backend,https://github.com/HackCovid19CATS/cats-notes-backend
hackle_blogger,https://github.com/hackle/blogger
hal2dy_lite-bot,https://github.com/hal2dy/lite-bot
HamishMW_portfolio,https://github.com/HamishMW/portfolio
haozhouhadoop_hzw,https://github.com/haozhouhadoop/hzw
Harrmalik_lit-stream,https://github.com/Harrmalik/lit-stream
harshurampur_dea-orchestration,https://github.com/harshurampur/dea-orchestration
hbrls_hbrls.github.io,https://github.com/hbrls/hbrls.github.io
hecforga_cocum,https://github.com/hecforga/cocum
hex0cter_youtube-explicit,https://github.com/hex0cter/youtube-explicit
highfidelity_hifi-content,https://github.com/highfidelity/hifi-content
hirobel_todoapp,https://github.com/hirobel/todoapp
hnybom_trebusses,https://github.com/hnybom/trebusses
hollowverse_hollowverse,https://github.com/hollowverse/hollowverse
hom-bahrani_server-rendered-react-aws-lambda,https://github.com/hom-bahrani/server-rendered-react-aws-lambda
hom-bahrani_serverless-react-node-twitter,https://github.com/hom-bahrani/serverless-react-node-twitter
home-assistant_LabelBot,https://github.com/home-assistant/LabelBot
home-assistant_probot-home-assistant,https://github.com/home-assistant/probot-home-assistant
honeybadger-io_serverless-quickstart,https://github.com/honeybadger-io/serverless-quickstart
hopskipnfall_smashbits,https://github.com/hopskipnfall/smashbits
horike37_serverless-python-development-kit,https://github.com/horike37/serverless-python-development-kit
howardjohn_scala-server-lambda,https://github.com/howardjohn/scala-server-lambda
howiempt_serverless-golf,https://github.com/howiempt/serverless-golf
hscspring_Coding-Collections,https://github.com/hscspring/Coding-Collections
huiwang_encore-serverless,https://github.com/huiwang/encore-serverless
HumanCellAtlas_metadata-schema-publisher,https://github.com/HumanCellAtlas/metadata-schema-publisher
hypoport_slack-wps-py,https://github.com/hypoport/slack-wps-py
ianrufus_BlogPosts,https://github.com/ianrufus/BlogPosts
iiAku_zip-aws-lambda,https://github.com/iiAku/zip-aws-lambda
ikikika_serverless,https://github.com/ikikika/serverless
iknowcss_zhongwenguji,https://github.com/iknowcss/zhongwenguji
ildella_pocket-cli,https://github.com/ildella/pocket-cli
ilios_lti-server,https://github.com/ilios/lti-server
inespines_gimme-time,https://github.com/inespines/gimme-time
inextensodigital_actions,https://github.com/inextensodigital/actions
infinityworks_101-Sessions,https://github.com/infinityworks/101-Sessions
influxiq1_beto_marketing,https://github.com/influxiq1/beto_marketing
inocan-group_aws-log,https://github.com/inocan-group/aws-log
inocan-group_discord-bitbucket-integration,https://github.com/inocan-group/discord-bitbucket-integration
instana_nodejs-sensor,https://github.com/instana/nodejs-sensor
interdigitize_providers-graphQL,https://github.com/interdigitize/providers-graphQL
ioanzicu_smart-brain,https://github.com/ioanzicu/smart-brain
iopipe_iopipe-python,https://github.com/iopipe/iopipe-python
iopipe_serverless-plugin-iopipe,https://github.com/iopipe/serverless-plugin-iopipe
irr_go-labs,https://github.com/irr/go-labs
IsaiahHarris_isaiahharris.me,https://github.com/IsaiahHarris/isaiahharris.me
iskandiar_serverlessrest,https://github.com/iskandiar/serverlessrest
Israel-Josmar_crypto-api,https://github.com/Israel-Josmar/crypto-api
istresearch_phantom-snap,https://github.com/istresearch/phantom-snap
iuni-cadre_DataPipelineAndProvenanceForCADRE,https://github.com/iuni-cadre/DataPipelineAndProvenanceForCADRE
iwaduarte_myportfolio,https://github.com/iwaduarte/myportfolio
jackdaw-mafia_BEND-Mafia-Test,https://github.com/jackdaw-mafia/BEND-Mafia-Test
Jackil-Rajnicant_Calculator,https://github.com/Jackil-Rajnicant/Calculator
jackstenglein_rest-api-creator,https://github.com/jackstenglein/rest-api-creator
jacob-grahn_plant-right-4,https://github.com/jacob-grahn/plant-right-4
jadalmiro_AWs,https://github.com/jadalmiro/AWs
jakefsullivan_serverless-graphql-flashcards,https://github.com/jakefsullivan/serverless-graphql-flashcards
JakePartusch_fantasy-tools,https://github.com/JakePartusch/fantasy-tools
jamesTbaker_sbDashDev,https://github.com/jamesTbaker/sbDashDev
janakerman_crawley-crawler,https://github.com/janakerman/crawley-crawler
JasaNiklanovic_GraphqlServerless,https://github.com/JasaNiklanovic/GraphqlServerless
jasonlimantoro_appointment-backend,https://github.com/jasonlimantoro/appointment-backend
jaydp17_series-notifier-serverless,https://github.com/jaydp17/series-notifier-serverless
jcdietrich_pull-requests-reminder,https://github.com/jcdietrich/pull-requests-reminder
jdortegar_teamWorkPlatformAPI,https://github.com/jdortegar/teamWorkPlatformAPI
jennyphan_aboutMe,https://github.com/jennyphan/aboutMe
jerep6_xke-serverless,https://github.com/jerep6/xke-serverless
jessemoon0_nature-landing,https://github.com/jessemoon0/nature-landing
jetbridge_sls-flask,https://github.com/jetbridge/sls-flask
JGMEYER_telegram-utility-bot,https://github.com/JGMEYER/telegram-utility-bot
jhaals_yopass,https://github.com/jhaals/yopass
jhawthorn_untappd-slack,https://github.com/jhawthorn/untappd-slack
jhwheeler_cryptor,https://github.com/jhwheeler/cryptor
JimLynchCodes_Cljs-Twitter-Unfollower,https://github.com/JimLynchCodes/Cljs-Twitter-Unfollower
JimLynchCodes_Jim-s-Twitter-Api-Experiments,https://github.com/JimLynchCodes/Jim-s-Twitter-Api-Experiments
JimLynchCodes_Titanium-Lambda,https://github.com/JimLynchCodes/Titanium-Lambda
jmaleonard_serverless-sns-sms-logs-to-ddb,https://github.com/jmaleonard/serverless-sns-sms-logs-to-ddb
JMFritz_CloudFormationBin-API,https://github.com/JMFritz/CloudFormationBin-API
jmickey_slack-health-bot,https://github.com/jmickey/slack-health-bot
joelseq_ucsd-rooms,https://github.com/joelseq/ucsd-rooms
johanmynhardt_sparttt.app,https://github.com/johanmynhardt/sparttt.app
johnshiver_pomodoro,https://github.com/johnshiver/pomodoro
jokester_typescript-boilerplate,https://github.com/jokester/typescript-boilerplate
jon-adams_ds-images,https://github.com/jon-adams/ds-images
jon-fearer_weather,https://github.com/jon-fearer/weather
jonas-lantto_ecb_sheet,https://github.com/jonas-lantto/ecb_sheet
jonathanfoster_twilio-gatekeeper,https://github.com/jonathanfoster/twilio-gatekeeper
JonathanWilbur_asn1-ts,https://github.com/JonathanWilbur/asn1-ts
JonathanWilbur_x509-ts,https://github.com/JonathanWilbur/x509-ts
jonathonadams_zero-to-production,https://github.com/jonathonadams/zero-to-production
jordaneremieff_guitarlette,https://github.com/jordaneremieff/guitarlette
josephyi_nikola,https://github.com/josephyi/nikola
joshg111_craigslist_kbb,https://github.com/joshg111/craigslist_kbb
joshg111_lambda-cars,https://github.com/joshg111/lambda-cars
Joshhw_ward-10-site,https://github.com/Joshhw/ward-10-site
jpswade_serverless-contact-form,https://github.com/jpswade/serverless-contact-form
jpswade_talk,https://github.com/jpswade/talk
jrdrg_whatdidieat,https://github.com/jrdrg/whatdidieat
jregel_SGI-test-bank,https://github.com/jregel/SGI-test-bank
jrosenbecker_hipchat-quotebot-ui,https://github.com/jrosenbecker/hipchat-quotebot-ui
jrouly_bee,https://github.com/jrouly/bee
jser_serverless,https://github.com/jser/serverless
jsjitsudotcom_feeds.api,https://github.com/jsjitsudotcom/feeds.api
jTanG0506_fluffy-potato,https://github.com/jTanG0506/fluffy-potato
juhamust_bitbucket2sns,https://github.com/juhamust/bitbucket2sns
julianghionoiu_dpnt-coverage,https://github.com/julianghionoiu/dpnt-coverage
julianghionoiu_dpnt-sourcecode,https://github.com/julianghionoiu/dpnt-sourcecode
JuliaRegistries_TagBot,https://github.com/JuliaRegistries/TagBot
juliensimon_aws,https://github.com/juliensimon/aws
june1123_testSources,https://github.com/june1123/testSources
jupiterandthegiraffe_website,https://github.com/jupiterandthegiraffe/website
just-dandi_dandi,https://github.com/just-dandi/dandi
JustinLivi_livi-menezes-wedding,https://github.com/JustinLivi/livi-menezes-wedding
jveldboom_raspberry-pi-iot-temperature-system,https://github.com/jveldboom/raspberry-pi-iot-temperature-system
k1LoW_serverless-static-hosting-with-basic-auth,https://github.com/k1LoW/serverless-static-hosting-with-basic-auth
kabisa_serverless_backup_check,https://github.com/kabisa/serverless_backup_check
kalevalp_hello-retail-secure-prop,https://github.com/kalevalp/hello-retail-secure-prop
kalevalp_watchtower,https://github.com/kalevalp/watchtower
kamranblueeast_aws-lambda-serverless,https://github.com/kamranblueeast/aws-lambda-serverless
karbon14_crowdsale-home-api,https://github.com/karbon14/crowdsale-home-api
KarenZhou0_Checkout-backend,https://github.com/KarenZhou0/Checkout-backend
kartik-rao_lib-forms-api,https://github.com/kartik-rao/lib-forms-api
keitakn_aws-serverless-prototype,https://github.com/keitakn/aws-serverless-prototype
keithrozario_Klayers,https://github.com/keithrozario/Klayers
kellyjanejove_chatbot,https://github.com/kellyjanejove/chatbot
kelvinn_alerted-us-scraper,https://github.com/kelvinn/alerted-us-scraper
kelvinn_changedetection,https://github.com/kelvinn/changedetection
kendyjm_udacity-cloud-developer-nd9990,https://github.com/kendyjm/udacity-cloud-developer-nd9990
kerembakir_note-take-app,https://github.com/kerembakir/note-take-app
kevinbece5_pencaAPI,https://github.com/kevinbece5/pencaAPI
kfigiela_cloud-functions,https://github.com/kfigiela/cloud-functions
khilnani_textchart.com,https://github.com/khilnani/textchart.com
KHS-Robotics_FRC-Team-Updates-Slack-Notifier,https://github.com/KHS-Robotics/FRC-Team-Updates-Slack-Notifier
ki-tools_sls_ki_synapse,https://github.com/ki-tools/sls_ki_synapse
kiloev_srvls,https://github.com/kiloev/srvls
Kiran01bm_aws-related,https://github.com/Kiran01bm/aws-related
kiwicom_gitlab-unfurly,https://github.com/kiwicom/gitlab-unfurly
kjrocker_react-crossplatform,https://github.com/kjrocker/react-crossplatform
koitoer_aws,https://github.com/koitoer/aws
kojiisd_cognito-user-manager,https://github.com/kojiisd/cognito-user-manager
kontrollanten_netlify-travis-integration,https://github.com/kontrollanten/netlify-travis-integration
kookmin-sw_2019-cap1-2019_14,https://github.com/kookmin-sw/2019-cap1-2019_14
ksnyde_async-shelljs,https://github.com/ksnyde/async-shelljs
KVladimr_webApp,https://github.com/KVladimr/webApp
kylegalbraith_newsletter-automation,https://github.com/kylegalbraith/newsletter-automation
laardee_serverless-authentication-boilerplate,https://github.com/laardee/serverless-authentication-boilerplate
labsyspharm_minerva-infrastructure,https://github.com/labsyspharm/minerva-infrastructure
laconiajs_laconia,https://github.com/laconiajs/laconia
lak1357_aws,https://github.com/lak1357/aws
lantrix_lambda-nodejs-s3-signature,https://github.com/lantrix/lambda-nodejs-s3-signature
lantrix_radiorbit-rss,https://github.com/lantrix/radiorbit-rss
LBHackney-IT_lbh-base-api,https://github.com/LBHackney-IT/lbh-base-api
Learnspree_Serverless-Language-Performance-Framework,https://github.com/Learnspree/Serverless-Language-Performance-Framework
leehanchung_btc_dash,https://github.com/leehanchung/btc_dash
leehanchung_smoking_detector,https://github.com/leehanchung/smoking_detector
legdba_servicebox-nodejs,https://github.com/legdba/servicebox-nodejs
legenddam_lambda-koa,https://github.com/legenddam/lambda-koa
lehtoinen_helsinginkullervo-fi,https://github.com/lehtoinen/helsinginkullervo-fi
lendi-au_StackJanitor,https://github.com/lendi-au/StackJanitor
leocamelo_pyxo,https://github.com/leocamelo/pyxo
leonyork_website,https://github.com/leonyork/website
LEscobar-Driver_Code,https://github.com/LEscobar-Driver/Code
leventgunay_experimental,https://github.com/leventgunay/experimental
LikeCarter_serverless-stripe-backend,https://github.com/LikeCarter/serverless-stripe-backend
limenet_weather-bot,https://github.com/limenet/weather-bot
lokitold_lambdachat,https://github.com/lokitold/lambdachat
lovefamilychildrenhappiness_ServerlessJestSpawnIssue,https://github.com/lovefamilychildrenhappiness/ServerlessJestSpawnIssue
lqueryvg_sftp-lambda,https://github.com/lqueryvg/sftp-lambda
lucascantos_mini-projects,https://github.com/lucascantos/mini-projects
luismeyer_pdf-lambda,https://github.com/luismeyer/pdf-lambda
lukeandersen_serverless-api,https://github.com/lukeandersen/serverless-api
LukeStanislaus_serverless-sailingweb,https://github.com/LukeStanislaus/serverless-sailingweb
lumigo-io_serverless-lumigo-plugin,https://github.com/lumigo-io/serverless-lumigo-plugin
luukgruijs_projectfish,https://github.com/luukgruijs/projectfish
lvnhmd_gdy.bg,https://github.com/lvnhmd/gdy.bg
lyrasis_cspace-sas-sync,https://github.com/lyrasis/cspace-sas-sync
mabels_ImgSrc,https://github.com/mabels/ImgSrc
mabels_talks,https://github.com/mabels/talks
MacHu-GWU_crawlib-project,https://github.com/MacHu-GWU/crawlib-project
madhavhugar_Kaggle-Challenges,https://github.com/madhavhugar/Kaggle-Challenges
Maev4l_celsus-contacts,https://github.com/Maev4l/celsus-contacts
Maev4l_celsus-core,https://github.com/Maev4l/celsus-core
Maev4l_celsus-lendings,https://github.com/Maev4l/celsus-lendings
makenew_serverless-python,https://github.com/makenew/serverless-python
malariagen_sims-backbone,https://github.com/malariagen/sims-backbone
mallize_sls-group-telegram-bot,https://github.com/mallize/sls-group-telegram-bot
MalteseScudo_stellarterm,https://github.com/MalteseScudo/stellarterm
maludwig_blank_serverless,https://github.com/maludwig/blank_serverless
mandrewes_server-or-less-sandpit,https://github.com/mandrewes/server-or-less-sandpit
manoharreddyporeddy_programming-language-notes,https://github.com/manoharreddyporeddy/programming-language-notes
manwaring-automation_odin,https://github.com/manwaring-automation/odin
marcopuccio_pocs,https://github.com/marcopuccio/pocs
marianban_experiments,https://github.com/marianban/experiments
markronquillo_notes,https://github.com/markronquillo/notes
marksteele_edge-rewrite,https://github.com/marksteele/edge-rewrite
markwainwright_la-crosse-to-wunderground-pws,https://github.com/markwainwright/la-crosse-to-wunderground-pws
marmatys_comic-fetcher,https://github.com/marmatys/comic-fetcher
marodeur100_greaterThan,https://github.com/marodeur100/greaterThan
marre_st1-serverless-ts,https://github.com/marre/st1-serverless-ts
marty331_aws_serverless_test,https://github.com/marty331/aws_serverless_test
matteo-hertel_PlanMyDay,https://github.com/matteo-hertel/PlanMyDay
mattermost_mattermost-metrics-server,https://github.com/mattermost/mattermost-metrics-server
matthisk_es6console,https://github.com/matthisk/es6console
MaximDevoir_labels-manager,https://github.com/MaximDevoir/labels-manager
mcalus3_open-fraksl,https://github.com/mcalus3/open-fraksl
mcliff1_myslsapp,https://github.com/mcliff1/myslsapp
mcliff1_polly,https://github.com/mcliff1/polly
mcliff1_SignalBot,https://github.com/mcliff1/SignalBot
mcnamee_graphql-server-boilerplate,https://github.com/mcnamee/graphql-server-boilerplate
mdmyr_JavaPatterns,https://github.com/mdmyr/JavaPatterns
meal-plannr_meal-plannr,https://github.com/meal-plannr/meal-plannr
MechanicalRock_ECS-Infrastructure,https://github.com/MechanicalRock/ECS-Infrastructure
MechanicalRock_instance-reaper,https://github.com/MechanicalRock/instance-reaper
meedan_narcissus,https://github.com/meedan/narcissus
melvinlee_lambda-restapi-nodejs,https://github.com/melvinlee/lambda-restapi-nodejs
Mercateo_serverless-image-processor,https://github.com/Mercateo/serverless-image-processor
metabolomics-us_carpy,https://github.com/metabolomics-us/carpy
METADIUM_go-delegator,https://github.com/METADIUM/go-delegator
metrue_YoYo,https://github.com/metrue/YoYo
mgoericke_javamark,https://github.com/mgoericke/javamark
mhero_js-serverless,https://github.com/mhero/js-serverless
micahbf_mapapp,https://github.com/micahbf/mapapp
michaelRealtair_Test,https://github.com/michaelRealtair/Test
michaelruocco_idv-serverless,https://github.com/michaelruocco/idv-serverless
microservices-patterns_ftgo-application,https://github.com/microservices-patterns/ftgo-application
microservices-training_food2go,https://github.com/microservices-training/food2go
microtema_serverless,https://github.com/microtema/serverless
miguel-a-calles-mba_secjuice,https://github.com/miguel-a-calles-mba/secjuice
mike-works_techcheck-server,https://github.com/mike-works/techcheck-server
mikeymclellan_brew-fridge,https://github.com/mikeymclellan/brew-fridge
millergd_CraigslistBots,https://github.com/millergd/CraigslistBots
minchao_slack-tw-weather,https://github.com/minchao/slack-tw-weather
MindTouch_solid-doodle,https://github.com/MindTouch/solid-doodle
mineshp_secret-santa-api,https://github.com/mineshp/secret-santa-api
Mirakurun_serverless-invoice,https://github.com/Mirakurun/serverless-invoice
MitocGroup_adtechmedia-website,https://github.com/MitocGroup/adtechmedia-website
mjgaylord_branch-event-uploader,https://github.com/mjgaylord/branch-event-uploader
mknawalaniec_ryan-doorman,https://github.com/mknawalaniec/ryan-doorman
mkul-bwa_My-repo-repex,https://github.com/mkul-bwa/My-repo-repex
mlafeldt_launchdarkly-dynamo-store,https://github.com/mlafeldt/launchdarkly-dynamo-store
mmajis_plantuml-serverless,https://github.com/mmajis/plantuml-serverless
mmmanyfold_forten-media,https://github.com/mmmanyfold/forten-media
mmmanyfold_salter-house,https://github.com/mmmanyfold/salter-house
mmmanyfold_this-machine-has-a-soul,https://github.com/mmmanyfold/this-machine-has-a-soul
mnapoli_externals,https://github.com/mnapoli/externals
moia-dev_lambda-kotlin-request-router,https://github.com/moia-dev/lambda-kotlin-request-router
monch1962_wilee,https://github.com/monch1962/wilee
MoonMail_MoonMail,https://github.com/MoonMail/MoonMail
mottaquikarim_PrayerApp,https://github.com/mottaquikarim/PrayerApp
mozilla-iam_cis,https://github.com/mozilla-iam/cis
mozilla-iam_cis_hris_publisher,https://github.com/mozilla-iam/cis_hris_publisher
mozilla-iam_gsuite-community-drive-driver,https://github.com/mozilla-iam/gsuite-community-drive-driver
mozilla-iam_gsuite_cloud_users_driver,https://github.com/mozilla-iam/gsuite_cloud_users_driver
MrGreenTea_mtg_bot_serverless,https://github.com/MrGreenTea/mtg_bot_serverless
mrjpierce_rpg-api,https://github.com/mrjpierce/rpg-api
mrtnzlml-archive_zlml.cz,https://github.com/mrtnzlml-archive/zlml.cz
msfidelis_serverless-architecture-boilerplate,https://github.com/msfidelis/serverless-architecture-boilerplate
Muizz-DS_serverless-contact-form-crud,https://github.com/Muizz-DS/serverless-contact-form-crud
multiplechoice_spiders,https://github.com/multiplechoice/spiders
muralim4242_mihy-repo,https://github.com/muralim4242/mihy-repo
mutual-of-enumclaw_orchestrator,https://github.com/mutual-of-enumclaw/orchestrator
mwickett_forbes-web,https://github.com/mwickett/forbes-web
MXNetEdge_mxnet-infrastructure,https://github.com/MXNetEdge/mxnet-infrastructure
n6g7_euler,https://github.com/n6g7/euler
NableKim_IncheonAirportAiSecretary,https://github.com/NableKim/IncheonAirportAiSecretary
nairtu_notes-app-serverless-api,https://github.com/nairtu/notes-app-serverless-api
nasa_earthdata-search,https://github.com/nasa/earthdata-search
NatawatK_Lambda-ExcelGenerator,https://github.com/NatawatK/Lambda-ExcelGenerator
naxxfish_podcastloudnesswatch,https://github.com/naxxfish/podcastloudnesswatch
NC-ELKS_GLM-BACKEND,https://github.com/NC-ELKS/GLM-BACKEND
neo4j-contrib_classmarker-integration,https://github.com/neo4j-contrib/classmarker-integration
NewFrontDoor_v100it-lambdas,https://github.com/NewFrontDoor/v100it-lambdas
newrelic_aws-log-ingestion,https://github.com/newrelic/aws-log-ingestion
ngocanh08431_contacts_api,https://github.com/ngocanh08431/contacts_api
nib-health-funds_hammertime,https://github.com/nib-health-funds/hammertime
nib-health-funds_robin,https://github.com/nib-health-funds/robin
nickromano_serverless-ping,https://github.com/nickromano/serverless-ping
nigelmathes_worlds-worst-serverless,https://github.com/nigelmathes/worlds-worst-serverless
niiknow_gtin-cloud,https://github.com/niiknow/gtin-cloud
niiknow_lambda-form,https://github.com/niiknow/lambda-form
niiknow_lambda-pdfxs3,https://github.com/niiknow/lambda-pdfxs3
nikitashade_quality,https://github.com/nikitashade/quality
Niko-La_gatnet,https://github.com/Niko-La/gatnet
Ninban_puller,https://github.com/Ninban/puller
nithinmohan114_AWS--Lambda,https://github.com/nithinmohan114/AWS--Lambda
NMDSdevopsServiceAdm_SopraSteria-SFC,https://github.com/NMDSdevopsServiceAdm/SopraSteria-SFC
noahbass_soccer-bot,https://github.com/noahbass/soccer-bot
nordcloud_serverless-jest-plugin,https://github.com/nordcloud/serverless-jest-plugin
Nordstrom_serverless-artillery,https://github.com/Nordstrom/serverless-artillery
nostprumprajee_Traveller,https://github.com/nostprumprajee/Traveller
npiper_ansible.ec2.solveapuzzle,https://github.com/npiper/ansible.ec2.solveapuzzle
nraov-ta_Microservices-Patterns,https://github.com/nraov-ta/Microservices-Patterns
ns4lin4s_stackoverflow,https://github.com/ns4lin4s/stackoverflow
Nuordo_tags-for-slack,https://github.com/Nuordo/tags-for-slack
o-o-overflow_dc2019q-scoreboard,https://github.com/o-o-overflow/dc2019q-scoreboard
o-o-overflow_dc2020q-scoreboard,https://github.com/o-o-overflow/dc2020q-scoreboard
ocius_website,https://github.com/ocius/website
OCLC-Developer-Network_devconnect-online-oclc-apis-101,https://github.com/OCLC-Developer-Network/devconnect-online-oclc-apis-101
OctopusDeploy_WebDriverTraining,https://github.com/OctopusDeploy/WebDriverTraining
odyssy-automaton_cryptosong,https://github.com/odyssy-automaton/cryptosong
ogdenstudios_openerr,https://github.com/ogdenstudios/openerr
ohr486_my_lifehack_tools,https://github.com/ohr486/my_lifehack_tools
ohyeahjoe_apcompsciproject,https://github.com/ohyeahjoe/apcompsciproject
okayestdeveloper_menuboard,https://github.com/okayestdeveloper/menuboard
oke-py_container-linux-release-feed,https://github.com/oke-py/container-linux-release-feed
oke-py_usn-notification,https://github.com/oke-py/usn-notification
olechka-dev_jump-test,https://github.com/olechka-dev/jump-test
oneirism_dicebot,https://github.com/oneirism/dicebot
onface_pkgzip,https://github.com/onface/pkgzip
onface_webpack.onface.live,https://github.com/onface/webpack.onface.live
ONSdigital_es-enrichment-sg,https://github.com/ONSdigital/es-enrichment-sg
ONSdigital_es-strata-sg,https://github.com/ONSdigital/es-strata-sg
OpenCerts_opencerts-functions,https://github.com/OpenCerts/opencerts-functions
openearth_flowmap,https://github.com/openearth/flowmap
Opetushallitus_oma-opintopolku-loki,https://github.com/Opetushallitus/oma-opintopolku-loki
orangecola_mtg-price,https://github.com/orangecola/mtg-price
OskrOne_lambda-performance,https://github.com/OskrOne/lambda-performance
osu-cascades_habit-loop-server,https://github.com/osu-cascades/habit-loop-server
otbe_ktor-server-lambda,https://github.com/otbe/ktor-server-lambda
otter-pond_backend,https://github.com/otter-pond/backend
owenrauckman_owenrauckman.github.io,https://github.com/owenrauckman/owenrauckman.github.io
owidder_zer0slides,https://github.com/owidder/zer0slides
ozaki25_ippo-server,https://github.com/ozaki25/ippo-server
p1ass_emojic.ch,https://github.com/p1ass/emojic.ch
PacktPublishing_Angular-Projects,https://github.com/PacktPublishing/Angular-Projects
parisandmilo_news-api,https://github.com/parisandmilo/news-api
pariveda-serverless_ny-doorman,https://github.com/pariveda-serverless/ny-doorman
pataraco_scripts,https://github.com/pataraco/scripts
pataruco_pod-api,https://github.com/pataruco/pod-api
patrickcollins12_REA-Scraper,https://github.com/patrickcollins12/REA-Scraper
patternmatch_serverless-dotnet-on-aws,https://github.com/patternmatch/serverless-dotnet-on-aws
paul-ridgway_serverless-ruby-on-rails,https://github.com/paul-ridgway/serverless-ruby-on-rails
PaulFasola_alexa-skill-lambo,https://github.com/PaulFasola/alexa-skill-lambo
paulohenriquefreitas_serverless-image,https://github.com/paulohenriquefreitas/serverless-image
PengWang0316_KairoScope-Backend-Hexagram,https://github.com/PengWang0316/KairoScope-Backend-Hexagram
PengWang0316_KairoScope-Backend-Unattached-Journal,https://github.com/PengWang0316/KairoScope-Backend-Unattached-Journal
PengWang0316_KairoScope-Backend-User,https://github.com/PengWang0316/KairoScope-Backend-User
perfsys_cloud-crm,https://github.com/perfsys/cloud-crm
phamhoanglinh137_projects,https://github.com/phamhoanglinh137/projects
pharindoko_serverlessDotNetStarter,https://github.com/pharindoko/serverlessDotNetStarter
phillyfan1138_credit_faas,https://github.com/phillyfan1138/credit_faas
phillyfan1138_market_faas,https://github.com/phillyfan1138/market_faas
phodal_serverless,https://github.com/phodal/serverless
phouse512_piper,https://github.com/phouse512/piper
PHPiotr_offshop-back-end,https://github.com/PHPiotr/offshop-back-end
phpstan_phpstan,https://github.com/phpstan/phpstan
pianomansam_serverless-offline-http-mock,https://github.com/pianomansam/serverless-offline-http-mock
pickleat_coffeeCodex,https://github.com/pickleat/coffeeCodex
pierophp_pinyin,https://github.com/pierophp/pinyin
pimp-my-book_serverless-graphql-nodejs-starter,https://github.com/pimp-my-book/serverless-graphql-nodejs-starter
pinksweets_pinksweets.github.io,https://github.com/pinksweets/pinksweets.github.io
piohhmy_nws-weather,https://github.com/piohhmy/nws-weather
piotrek722_CloudFunctionOptimizer,https://github.com/piotrek722/CloudFunctionOptimizer
Pita_rocketcal,https://github.com/Pita/rocketcal
Platane_pizza-tracker,https://github.com/Platane/pizza-tracker
pluto-net_scinapse-web-client,https://github.com/pluto-net/scinapse-web-client
Pod-Point_slack-relay-lambda,https://github.com/Pod-Point/slack-relay-lambda
postlight_serverless-babel-starter,https://github.com/postlight/serverless-babel-starter
Prasannads_serverless-hotel-aspect-score-calculator,https://github.com/Prasannads/serverless-hotel-aspect-score-calculator
prayushtatke_python,https://github.com/prayushtatke/python
PrestonHager_SoundBytes,https://github.com/PrestonHager/SoundBytes
prevostc_slackbot-arthur,https://github.com/prevostc/slackbot-arthur
prisma-archive_chromeless,https://github.com/prisma-archive/chromeless
ptrlaszlo_bytmap,https://github.com/ptrlaszlo/bytmap
PublicNTP_stripe-processor-lambda,https://github.com/PublicNTP/stripe-processor-lambda
qianl15_this,https://github.com/qianl15/this
qiweiii_my-website-v2,https://github.com/qiweiii/my-website-v2
quirk0o_cloud-functions,https://github.com/quirk0o/cloud-functions
R-NK_stasisgg-backend,https://github.com/R-NK/stasisgg-backend
rafaelrpinto_serverless-boilerplate,https://github.com/rafaelrpinto/serverless-boilerplate
RafalWilinski_serverless-puppeteer-layers,https://github.com/RafalWilinski/serverless-puppeteer-layers
RagtagOpen_formbot,https://github.com/RagtagOpen/formbot
rajeshvasamsetty_CodeTest,https://github.com/rajeshvasamsetty/CodeTest
randytarampi_pwa,https://github.com/randytarampi/pwa
raphaelvigee_raphaelvigee.com,https://github.com/raphaelvigee/raphaelvigee.com
rastoelias_serverless-stack-api,https://github.com/rastoelias/serverless-stack-api
RAvontuur_connect-four,https://github.com/RAvontuur/connect-four
rchillard_charon,https://github.com/rchillard/charon
rd11490_NBAShotSite,https://github.com/rd11490/NBAShotSite
ream88_shift-code,https://github.com/ream88/shift-code
reapit_foundations,https://github.com/reapit/foundations
reg-viz_gh-app,https://github.com/reg-viz/gh-app
reguv760_stripe-serverless-backend,https://github.com/reguv760/stripe-serverless-backend
reitermarkus_serverless,https://github.com/reitermarkus/serverless
RemotePixel_remotepixel-tiler,https://github.com/RemotePixel/remotepixel-tiler
ReseauEntourage_entourage-ror,https://github.com/ReseauEntourage/entourage-ror
ReutersMedia_sqs-browser-events,https://github.com/ReutersMedia/sqs-browser-events
revmischa_sls-flask-pre,https://github.com/revmischa/sls-flask-pre
rgitzel_azul-generator,https://github.com/rgitzel/azul-generator
rguerra712_coin-limit-trader,https://github.com/rguerra712/coin-limit-trader
rguerra712_mock-status-codes,https://github.com/rguerra712/mock-status-codes
rhlsthrm_bittman,https://github.com/rhlsthrm/bittman
RhythmicExcellence_rhythmicexcellence.london,https://github.com/RhythmicExcellence/rhythmicexcellence.london
richardtatum_api.r6.leaderboards.io,https://github.com/richardtatum/api.r6.leaderboards.io
rickosborne_bounce,https://github.com/rickosborne/bounce
Ricool06_breathe,https://github.com/Ricool06/breathe
ridegopher_strava,https://github.com/ridegopher/strava
ridi_select-frontend,https://github.com/ridi/select-frontend
riethmayer_eureka,https://github.com/riethmayer/eureka
riquellopes_golang,https://github.com/riquellopes/golang
riyadhalnur_issuelabeler,https://github.com/riyadhalnur/issuelabeler
rizowski_rs-items,https://github.com/rizowski/rs-items
rlisagor_ahv-council-thing,https://github.com/rlisagor/ahv-council-thing
rochefort_misc,https://github.com/rochefort/misc
rohithpr_homepage,https://github.com/rohithpr/homepage
rolling-scopes_karate,https://github.com/rolling-scopes/karate
rolme_refactor-services,https://github.com/rolme/refactor-services
ronniemara_patient-fhir,https://github.com/ronniemara/patient-fhir
rphansen91_block-ql,https://github.com/rphansen91/block-ql
rpiaggio_meal,https://github.com/rpiaggio/meal
rstar2_nodejs_aws-airsofia-check,https://github.com/rstar2/nodejs_aws-airsofia-check
rstar2_nodejs_aws-expirations-check,https://github.com/rstar2/nodejs_aws-expirations-check
rudreshgp_CSEM_2017,https://github.com/rudreshgp/CSEM_2017
ruibinch_sg-calculator,https://github.com/ruibinch/sg-calculator
Rukenshia_shipvote,https://github.com/Rukenshia/shipvote
ryanwestby_key-value-lambda,https://github.com/ryanwestby/key-value-lambda
ryanwestby_serverless-postgraphile,https://github.com/ryanwestby/serverless-postgraphile
ryfeus_stepfunctions2processing,https://github.com/ryfeus/stepfunctions2processing
ryoichi-obara_kokusaibus-scraper,https://github.com/ryoichi-obara/kokusaibus-scraper
s-barrah_serverless-notes-app-api,https://github.com/s-barrah/serverless-notes-app-api
sabio_CosasDeBugDeveloper,https://github.com/sabio/CosasDeBugDeveloper
saka1_slack-webhook-gatekeeper,https://github.com/saka1/slack-webhook-gatekeeper
saleemmalikraja_compare-npm-package,https://github.com/saleemmalikraja/compare-npm-package
salmiak_mat,https://github.com/salmiak/mat
SamanthaChhoeu_PaperBoy,https://github.com/SamanthaChhoeu/PaperBoy
SamCB_A-Server,https://github.com/SamCB/A-Server
sanchithoza_edusoul,https://github.com/sanchithoza/edusoul
SandeepThakare_aws-cicd-using-circleci,https://github.com/SandeepThakare/aws-cicd-using-circleci
santhoshmurali_models-and-methods,https://github.com/santhoshmurali/models-and-methods
sanudatta11_devops-artifacts,https://github.com/sanudatta11/devops-artifacts
sassoftware_restaf,https://github.com/sassoftware/restaf
scenarex_base-serverless-package,https://github.com/scenarex/base-serverless-package
scherermichael-oss_conventional-mergebot,https://github.com/scherermichael-oss/conventional-mergebot
ScottBouloutian_sound-sync,https://github.com/ScottBouloutian/sound-sync
ScrumBoard-it_ScrumBoard-it,https://github.com/ScrumBoard-it/ScrumBoard-it
seamusmc1989_springBootAwsLamba,https://github.com/seamusmc1989/springBootAwsLamba
seanh169_softwareDevelopment-,https://github.com/seanh169/softwareDevelopment-
seek-oss_serverless-haskell,https://github.com/seek-oss/serverless-haskell
sekaru_badbook,https://github.com/sekaru/badbook
SergioV85_quest-stat-parser,https://github.com/SergioV85/quest-stat-parser
SergioV85_quest-stat-viewer,https://github.com/SergioV85/quest-stat-viewer
serverless-operations_jeffy,https://github.com/serverless-operations/jeffy
serverless-projects_serverless-authorizers,https://github.com/serverless-projects/serverless-authorizers
serverlessbuch_jwtAuthorizr,https://github.com/serverlessbuch/jwtAuthorizr
serverlesspolska_serverless-aws-nodejs-starter,https://github.com/serverlesspolska/serverless-aws-nodejs-starter
sevengreenz_qiita-api-scratchpad-api,https://github.com/sevengreenz/qiita-api-scratchpad-api
shaharke_elidebi,https://github.com/shaharke/elidebi
shalvah_DownloadThisVideo,https://github.com/shalvah/DownloadThisVideo
shalvah_RemindMeOfThisTweet,https://github.com/shalvah/RemindMeOfThisTweet
shamsherkush_lambda-scheduler-deep,https://github.com/shamsherkush/lambda-scheduler-deep
shanmukhsuryapratap2_richard,https://github.com/shanmukhsuryapratap2/richard
shawnaxsom_horizonal,https://github.com/shawnaxsom/horizonal
shobuz03_java,https://github.com/shobuz03/java
sidneyw_sidneyw.com,https://github.com/sidneyw/sidneyw.com
silinternational_idp-id-broker-sls,https://github.com/silinternational/idp-id-broker-sls
silinternational_personnel-sync,https://github.com/silinternational/personnel-sync
silinternational_speed-snitch-admin-api,https://github.com/silinternational/speed-snitch-admin-api
singnet_snet-marketplace-service,https://github.com/singnet/snet-marketplace-service
SingularData_data-engine,https://github.com/SingularData/data-engine
sinhasonalkumar_sonalrnd,https://github.com/sinhasonalkumar/sonalrnd
skazkajs_skazka,https://github.com/skazkajs/skazka
slavagu_moodometer,https://github.com/slavagu/moodometer
slavivanov_sls-chrome-screenshot,https://github.com/slavivanov/sls-chrome-screenshot
slergberg_boilerplate-serverless-nodejs-aws,https://github.com/slergberg/boilerplate-serverless-nodejs-aws
slnsw_dxlab-young-ct-2018,https://github.com/slnsw/dxlab-young-ct-2018
slushnys_serverless-sns-communication,https://github.com/slushnys/serverless-sns-communication
SmilesAir_StarterProject,https://github.com/SmilesAir/StarterProject
smspillaz_intuitive-math,https://github.com/smspillaz/intuitive-math
smstojanovic_sandbox,https://github.com/smstojanovic/sandbox
snaka_code-pocket,https://github.com/snaka/code-pocket
snaka_skill-backspace.fm,https://github.com/snaka/skill-backspace.fm
snaka_skill-tcfm-player,https://github.com/snaka/skill-tcfm-player
sofiaisha_aws-julie,https://github.com/sofiaisha/aws-julie
sothawo_taboo4serverless,https://github.com/sothawo/taboo4serverless
sourcier_musical-waffle,https://github.com/sourcier/musical-waffle
Sparticuz_dazser-payment-portal,https://github.com/Sparticuz/dazser-payment-portal
spinscale_serverless-owntracks-kotlin,https://github.com/spinscale/serverless-owntracks-kotlin
sportnumerics_explorer-api,https://github.com/sportnumerics/explorer-api
sportnumerics_predict,https://github.com/sportnumerics/predict
sprakash57_serverless-keeper,https://github.com/sprakash57/serverless-keeper
sprunger_starter-nodejs-serverless,https://github.com/sprunger/starter-nodejs-serverless
ssifwc_api,https://github.com/ssifwc/api
ssifwc_epicollect-migrator,https://github.com/ssifwc/epicollect-migrator
standard-library_wire-o,https://github.com/standard-library/wire-o
stazbass_Haze,https://github.com/stazbass/Haze
stefanjenkner_serverless-youtube-podcasts,https://github.com/stefanjenkner/serverless-youtube-podcasts
Stellarize_Stellarterms,https://github.com/Stellarize/Stellarterms
stigsell_recipes,https://github.com/stigsell/recipes
Stradivario_gapi-starter-serverless,https://github.com/Stradivario/gapi-starter-serverless
Stradivario_gapi-starter-serverless-sequelize,https://github.com/Stradivario/gapi-starter-serverless-sequelize
SumOfUs_mailing_service,https://github.com/SumOfUs/mailing_service
SumOfUs_toolkit,https://github.com/SumOfUs/toolkit
sunyikang_skilltraining,https://github.com/sunyikang/skilltraining
sushena_Scripts,https://github.com/sushena/Scripts
swap0008_thor-contacts,https://github.com/swap0008/thor-contacts
swishbit_paymentgateway,https://github.com/swishbit/paymentgateway
syon_chase,https://github.com/syon/chase
syon_chase-ios,https://github.com/syon/chase-ios
SystemsCyber_CAN-Logger-3,https://github.com/SystemsCyber/CAN-Logger-3
t04glovern_selfie2anime,https://github.com/t04glovern/selfie2anime
t5unamie_greenlab,https://github.com/t5unamie/greenlab
tabordasolutions_nics-esrifeature-processor,https://github.com/tabordasolutions/nics-esrifeature-processor
take4mats_sendgrid-receiver-aws,https://github.com/take4mats/sendgrid-receiver-aws
TakuKobayashi_spotgacha,https://github.com/TakuKobayashi/spotgacha
Tannheuser_UltraRacing,https://github.com/Tannheuser/UltraRacing
taylor-c-kerr_words-api-lambda,https://github.com/taylor-c-kerr/words-api-lambda
taylorreece_bubblecheck,https://github.com/taylorreece/bubblecheck
taylorwc_hnquery,https://github.com/taylorwc/hnquery
taylorzr_slack_trail,https://github.com/taylorzr/slack_trail
tbaik_random-slack-slash,https://github.com/tbaik/random-slack-slash
tcreeds_challenger,https://github.com/tcreeds/challenger
tdehollain_barelinks,https://github.com/tdehollain/barelinks
tdehollain_usedCars,https://github.com/tdehollain/usedCars
teich_trivial-perf,https://github.com/teich/trivial-perf
TerrenceMiao_AWS,https://github.com/TerrenceMiao/AWS
tgcaspa_double-lotto-il,https://github.com/tgcaspa/double-lotto-il
TheBrainFamily_TheBrain2.0,https://github.com/TheBrainFamily/TheBrain2.0
thecodingrobot_serverless-kafka-manager,https://github.com/thecodingrobot/serverless-kafka-manager
theliturgists_backend,https://github.com/theliturgists/backend
therockstorm_watchtowr,https://github.com/therockstorm/watchtowr
thinkthroughmath_mathjs-rest,https://github.com/thinkthroughmath/mathjs-rest
thomasm1_AllCloud,https://github.com/thomasm1/AllCloud
thomasm1_dailytechpost,https://github.com/thomasm1/dailytechpost
Thommas_path-of-child,https://github.com/Thommas/path-of-child
Thommas_vgadb,https://github.com/Thommas/vgadb
thoughtworks_byor-voting-server,https://github.com/thoughtworks/byor-voting-server
thundra-io_thundra-lambda-warmup,https://github.com/thundra-io/thundra-lambda-warmup
thuringia_aws-lambda-utils,https://github.com/thuringia/aws-lambda-utils
tiffyzsmile_tiffanylea-com,https://github.com/tiffyzsmile/tiffanylea-com
times_canteenbot,https://github.com/times/canteenbot
timohermans_Homebank,https://github.com/timohermans/Homebank
timothysugar_bin-day,https://github.com/timothysugar/bin-day
TinkerTanked_image-lambda,https://github.com/TinkerTanked/image-lambda
toddcoulson_TrinityPTO,https://github.com/toddcoulson/TrinityPTO
tomegorny_temp,https://github.com/tomegorny/temp
tomtwo_serverless-boilerplate,https://github.com/tomtwo/serverless-boilerplate
topcoder-platform_member-stats-sync-lambda,https://github.com/topcoder-platform/member-stats-sync-lambda
topcoder-platform_tc-lambda-auth0-proxy-server,https://github.com/topcoder-platform/tc-lambda-auth0-proxy-server
tophat_sanity-runner,https://github.com/tophat/sanity-runner
topherwenceslaus_notes-app-api,https://github.com/topherwenceslaus/notes-app-api
totallymoney_TodaysAbsences,https://github.com/totallymoney/TodaysAbsences
toyokappa_tabimemo,https://github.com/toyokappa/tabimemo
tradle_mycloud-services,https://github.com/tradle/mycloud-services
trainline_environment-manager,https://github.com/trainline/environment-manager
Travelport-Czech_aws-serverless-dynamodb-sandbox,https://github.com/Travelport-Czech/aws-serverless-dynamodb-sandbox
trevorgrayson_pointillism,https://github.com/trevorgrayson/pointillism
tscanlin_serverless-s3-crud,https://github.com/tscanlin/serverless-s3-crud
tschoffelen_tschoffelen,https://github.com/tschoffelen/tschoffelen
tsub_hanami-sandbox,https://github.com/tsub/hanami-sandbox
tsub_serverless-daily-standup-bot,https://github.com/tsub/serverless-daily-standup-bot
tubackkhoa_bitwarden-sqlite-local,https://github.com/tubackkhoa/bitwarden-sqlite-local
turingarena_turingarena-legacy,https://github.com/turingarena/turingarena-legacy
twils0_finance-sls-lambda-node-db,https://github.com/twils0/finance-sls-lambda-node-db
tylerhsu_cutcats,https://github.com/tylerhsu/cutcats
typicalArtem_site,https://github.com/typicalArtem/site
ukon1990_guild-site,https://github.com/ukon1990/guild-site
ukon1990_wow-auction-helper,https://github.com/ukon1990/wow-auction-helper
umihico_pythonista-chromeless,https://github.com/umihico/pythonista-chromeless
uncompiled_alexa-fruit-stand,https://github.com/uncompiled/alexa-fruit-stand
uncompiled_bikelanes.wtf,https://github.com/uncompiled/bikelanes.wtf
UnitedIncome_serverless-python-requirements,https://github.com/UnitedIncome/serverless-python-requirements
upggr_m3u-checker,https://github.com/upggr/m3u-checker
uport-project_lambda-caleuche,https://github.com/uport-project/lambda-caleuche
uport-project_lambda-chasqui,https://github.com/uport-project/lambda-chasqui
uport-project_lambda-fatima,https://github.com/uport-project/lambda-fatima
uport-project_lambda-sensui,https://github.com/uport-project/lambda-sensui
urbanriskmap_cognicity-facebook-ads,https://github.com/urbanriskmap/cognicity-facebook-ads
uw-asa_uw-slack-r25-bot,https://github.com/uw-asa/uw-slack-r25-bot
valscion_dissobot,https://github.com/valscion/dissobot
Vardkin_serverless_notes_app,https://github.com/Vardkin/serverless_notes_app
vatscy_sandbox,https://github.com/vatscy/sandbox
velopert_velog,https://github.com/velopert/velog
velopert_velog-client,https://github.com/velopert/velog-client
venveo_serverless-sharp,https://github.com/venveo/serverless-sharp
Vertical-Church-Charleston_nametags-serverless-api,https://github.com/Vertical-Church-Charleston/nametags-serverless-api
vicente-valls_reminder,https://github.com/vicente-valls/reminder
victorm-fj_my-website,https://github.com/victorm-fj/my-website
victorvoid_fullogger,https://github.com/victorvoid/fullogger
vincentsarago_lambda-tiler,https://github.com/vincentsarago/lambda-tiler
vinodkumarpr_dev,https://github.com/vinodkumarpr/dev
virtualmadden_Aws.Lambda.Api,https://github.com/virtualmadden/Aws.Lambda.Api
vishpatel913_tshirt-weather-react-native,https://github.com/vishpatel913/tshirt-weather-react-native
visual-knight_platform-community-edition,https://github.com/visual-knight/platform-community-edition
vitaliy-komenda_crypto-rate-teller-bot,https://github.com/vitaliy-komenda/crypto-rate-teller-bot
vkomulai_juhani.mobi,https://github.com/vkomulai/juhani.mobi
vnenkpet_japanese,https://github.com/vnenkpet/japanese
vprotsan_v3,https://github.com/vprotsan/v3
vsls-contrib_chat,https://github.com/vsls-contrib/chat
wangtoday_Life-in-a-box,https://github.com/wangtoday/Life-in-a-box
WayneYe_WayneDevLab,https://github.com/WayneYe/WayneDevLab
Web-tree_auth,https://github.com/Web-tree/auth
Web-tree_mydata,https://github.com/Web-tree/mydata
weilandia_sendgrid-webhook-to-mixpanel-lambda,https://github.com/weilandia/sendgrid-webhook-to-mixpanel-lambda
wellesleyhack_fall2017,https://github.com/wellesleyhack/fall2017
wellesleyhack_fall2018,https://github.com/wellesleyhack/fall2018
wenceslauslee_sudoku-backend,https://github.com/wenceslauslee/sudoku-backend
whitmanschorn_vehicle-sheets,https://github.com/whitmanschorn/vehicle-sheets
wickett_lambhack,https://github.com/wickett/lambhack
wilhelmklopp_wilhelmklopp.com,https://github.com/wilhelmklopp/wilhelmklopp.com
wilsonmar_DevSecOps,https://github.com/wilsonmar/DevSecOps
wineman3_text-to-speech,https://github.com/wineman3/text-to-speech
wozitech_microservice-reference,https://github.com/wozitech/microservice-reference
wri_glad-raster-analysis-lambda,https://github.com/wri/glad-raster-analysis-lambda
wsaidac_bc-nuxt,https://github.com/wsaidac/bc-nuxt
wuichen_sls-node-starter,https://github.com/wuichen/sls-node-starter
wulfy_alexa-homekit,https://github.com/wulfy/alexa-homekit
wyfish_java-design-patterns,https://github.com/wyfish/java-design-patterns
xistory_mole-back,https://github.com/xistory/mole-back
xmisao_bestgems.org,https://github.com/xmisao/bestgems.org
xueyan123321_cloud-developer-homework,https://github.com/xueyan123321/cloud-developer-homework
xymeow_csci571,https://github.com/xymeow/csci571
y12studio_y12js,https://github.com/y12studio/y12js
y13i_amirotate,https://github.com/y13i/amirotate
yadam_portfolio,https://github.com/yadam/portfolio
yai333_React-Chat-App-using-AWS-API-Gateway-Websocket-and-Serverless-Framework,https://github.com/yai333/React-Chat-App-using-AWS-API-Gateway-Websocket-and-Serverless-Framework
yashwanthchannegowda_ec2-lambdas,https://github.com/yashwanthchannegowda/ec2-lambdas
yeonghoey_galpi,https://github.com/yeonghoey/galpi
yohanmishkin_reminder-back,https://github.com/yohanmishkin/reminder-back
YongHoonJJo_aws-lambda,https://github.com/YongHoonJJo/aws-lambda
yoshiko-pg_your-name,https://github.com/yoshiko-pg/your-name
yoskeoka_gognito,https://github.com/yoskeoka/gognito
yossaj_aws-notes-walkthrough,https://github.com/yossaj/aws-notes-walkthrough
yossaj_Collabs,https://github.com/yossaj/Collabs
yoursweater_reviews,https://github.com/yoursweater/reviews
YourWishes_domsPlace,https://github.com/YourWishes/domsPlace
YukiMiyatake_GOSICK,https://github.com/YukiMiyatake/GOSICK
yuvadm_geshem.space,https://github.com/yuvadm/geshem.space
yuya-takeyama_keyakizaka46-rss,https://github.com/yuya-takeyama/keyakizaka46-rss
yuya-takeyama_keyakizaka46-schedule-slack-notifier,https://github.com/yuya-takeyama/keyakizaka46-schedule-slack-notifier
zakattack9_zaksakata.com,https://github.com/zakattack9/zaksakata.com
zerobias_codebox,https://github.com/zerobias/codebox
zgolus_lambda_basic_auth,https://github.com/zgolus/lambda_basic_auth
zhammer_adventure-anywhere,https://github.com/zhammer/adventure-anywhere
zhammer_playlist-souffle,https://github.com/zhammer/playlist-souffle
Zirkonium88_AWS,https://github.com/Zirkonium88/AWS
ZlobinIlya_AllPatterns,https://github.com/ZlobinIlya/AllPatterns
zommerfelds_website-cz,https://github.com/zommerfelds/website-cz
zyberspace_dota-qualifier-streams,https://github.com/zyberspace/dota-qualifier-streams
