Repo Name,GitHub URL,Stars,Forks
prisma-archive_chromeless,https://github.com/prisma-archive/chromeless,13242,576
phpstan_phpstan,https://github.com/phpstan/phpstan,12802,868
async-labs_saas,https://github.com/async-labs/saas,4052,674
microservices-patterns_ftgo-application,https://github.com/microservices-patterns/ftgo-application,3392,1307
brefphp_bref,https://github.com/brefphp/bref,3093,367
adieuadieu_serverless-chrome,https://github.com/adieuadieu/serverless-chrome,2859,281
HamishMW_portfolio,https://github.com/HamishMW/portfolio,2372,512
keithrozario_Klayers,https://github.com/keithrozario/Klayers,2087,305
MoonMail_MoonMail,https://github.com/MoonMail/MoonMail,2013,306
jhaals_yopass,https://github.com/jhaals/yopass,1777,275
phodal_serverless,https://github.com/phodal/serverless,1750,200
dougmoscrop_serverless-http,https://github.com/dougmoscrop/serverless-http,1718,165
UnitedIncome_serverless-python-requirements,https://github.com/UnitedIncome/serverless-python-requirements,1106,290
AnomalyInnovations_serverless-nodejs-starter,https://github.com/AnomalyInnovations/serverless-nodejs-starter,755,156
velopert_velog,https://github.com/velopert/velog,752,135
nasa_earthdata-search,https://github.com/nasa/earthdata-search,739,219
postlight_serverless-babel-starter,https://github.com/postlight/serverless-babel-starter,711,62
velopert_velog-client,https://github.com/velopert/velog-client,675,130
shalvah_DownloadThisVideo,https://github.com/shalvah/DownloadThisVideo,663,80
all-contributors_all-contributors-bot,https://github.com/all-contributors/all-contributors-bot,569,148
laardee_serverless-authentication-boilerplate,https://github.com/laardee/serverless-authentication-boilerplate,568,71
vsls-contrib_chat,https://github.com/vsls-contrib/chat,529,67
geopython_pygeoapi,https://github.com/geopython/pygeoapi,480,256
shalvah_RemindMeOfThisTweet,https://github.com/shalvah/RemindMeOfThisTweet,417,41
msfidelis_serverless-architecture-boilerplate,https://github.com/msfidelis/serverless-architecture-boilerplate,390,62
craftship_codebox-npm,https://github.com/craftship/codebox-npm,352,27
antonbabenko_modules.tf-lambda,https://github.com/antonbabenko/modules.tf-lambda,350,56
laconiajs_laconia,https://github.com/laconiajs/laconia,326,30
brefphp_laravel-bridge,https://github.com/brefphp/laravel-bridge,318,65
concurrencylabs_aws-pricing-tools,https://github.com/concurrencylabs/aws-pricing-tools,304,72
RafalWilinski_serverless-puppeteer-layers,https://github.com/RafalWilinski/serverless-puppeteer-layers,274,36
arackaf_booklist,https://github.com/arackaf/booklist,269,43
99xt_serverless-react-boilerplate,https://github.com/99xt/serverless-react-boilerplate,260,75
arabold_serverless-react-boilerplate,https://github.com/arabold/serverless-react-boilerplate,237,86
codesandbox_dependency-packager,https://github.com/codesandbox/dependency-packager,234,61
mnapoli_externals,https://github.com/mnapoli/externals,231,25
blackboard_lambda-selenium,https://github.com/blackboard/lambda-selenium,230,51
adieuadieu_retinal,https://github.com/adieuadieu/retinal,218,28
seek-oss_serverless-haskell,https://github.com/seek-oss/serverless-haskell,215,21
metrue_YoYo,https://github.com/metrue/YoYo,210,14
erezrokah_serverless-monorepo-app,https://github.com/erezrokah/serverless-monorepo-app,205,28
astampoulis_makam,https://github.com/astampoulis/makam,187,11
t04glovern_selfie2anime,https://github.com/t04glovern/selfie2anime,176,23
venveo_serverless-sharp,https://github.com/venveo/serverless-sharp,167,34
matthisk_es6console,https://github.com/matthisk/es6console,152,27
PacktPublishing_Angular-Projects,https://github.com/PacktPublishing/Angular-Projects,144,91
DongjunLee_quantified-self,https://github.com/DongjunLee/quantified-self,144,16
commandeer_open,https://github.com/commandeer/open,139,26
yoshiko-pg_your-name,https://github.com/yoshiko-pg/your-name,124,8
nordcloud_serverless-jest-plugin,https://github.com/nordcloud/serverless-jest-plugin,120,51
ryfeus_stepfunctions2processing,https://github.com/ryfeus/stepfunctions2processing,120,31
cloudreach_aws-lambda-es-cleanup,https://github.com/cloudreach/aws-lambda-es-cleanup,114,70
DataDog_datadog-lambda-layer-js,https://github.com/DataDog/datadog-lambda-layer-js,108,35
gladly-team_tab,https://github.com/gladly-team/tab,108,21
manoharreddyporeddy_programming-language-notes,https://github.com/manoharreddyporeddy/programming-language-notes,102,276
xmisao_bestgems.org,https://github.com/xmisao/bestgems.org,98,14
trainline_environment-manager,https://github.com/trainline/environment-manager,96,17
AWSinAction_apigateway,https://github.com/AWSinAction/apigateway,95,54
jetbridge_sls-flask,https://github.com/jetbridge/sls-flask,95,7
wickett_lambhack,https://github.com/wickett/lambhack,94,27
lqueryvg_sftp-lambda,https://github.com/lqueryvg/sftp-lambda,92,36
serverless-operations_jeffy,https://github.com/serverless-operations/jeffy,92,10
smspillaz_intuitive-math,https://github.com/smspillaz/intuitive-math,92,9
JuliaRegistries_TagBot,https://github.com/JuliaRegistries/TagBot,91,18
juliensimon_aws,https://github.com/juliensimon/aws,89,49
freeCodeCamp_open-api,https://github.com/freeCodeCamp/open-api,89,28
yai333_React-Chat-App-using-AWS-API-Gateway-Websocket-and-Serverless-Framework,https://github.com/yai333/React-Chat-App-using-AWS-API-Gateway-Websocket-and-Serverless-Framework,87,21
breath103_seoul-bike,https://github.com/breath103/seoul-bike,85,4
CultureHQ_polyfill-lambda,https://github.com/CultureHQ/polyfill-lambda,83,4
iopipe_iopipe-python,https://github.com/iopipe/iopipe-python,79,17
tscanlin_serverless-s3-crud,https://github.com/tscanlin/serverless-s3-crud,75,17
awskrug_handson-labs-2018,https://github.com/awskrug/handson-labs-2018,72,48
JimLynchCodes_Titanium-Lambda,https://github.com/JimLynchCodes/Titanium-Lambda,72,2
GourdErwa_MyNote,https://github.com/GourdErwa/MyNote,70,84
instana_nodejs-sensor,https://github.com/instana/nodejs-sensor,70,36
communitybridge_easycla,https://github.com/communitybridge/easycla,64,45
marksteele_edge-rewrite,https://github.com/marksteele/edge-rewrite,64,19
lumigo-io_serverless-lumigo-plugin,https://github.com/lumigo-io/serverless-lumigo-plugin,64,10
ReutersMedia_sqs-browser-events,https://github.com/ReutersMedia/sqs-browser-events,64,3
apoca_lambda-resize-image,https://github.com/apoca/lambda-resize-image,59,12
reapit_foundations,https://github.com/reapit/foundations,57,21
diegopacheco_java-pocs,https://github.com/diegopacheco/java-pocs,55,62
epsagon_epsagon-python,https://github.com/epsagon/epsagon-python,55,22
fourTheorem_ai-as-a-service,https://github.com/fourTheorem/ai-as-a-service,55,19
infinityworks_101-Sessions,https://github.com/infinityworks/101-Sessions,54,30
umihico_pythonista-chromeless,https://github.com/umihico/pythonista-chromeless,54,10
pharindoko_serverlessDotNetStarter,https://github.com/pharindoko/serverlessDotNetStarter,52,13
vincentsarago_lambda-tiler,https://github.com/vincentsarago/lambda-tiler,51,30
howardjohn_scala-server-lambda,https://github.com/howardjohn/scala-server-lambda,51,15
newrelic_aws-log-ingestion,https://github.com/newrelic/aws-log-ingestion,50,77
mmajis_plantuml-serverless,https://github.com/mmajis/plantuml-serverless,48,22
JakePartusch_fantasy-tools,https://github.com/JakePartusch/fantasy-tools,47,21
mrtnzlml-archive_zlml.cz,https://github.com/mrtnzlml-archive/zlml.cz,46,10
ukon1990_wow-auction-helper,https://github.com/ukon1990/wow-auction-helper,46,10
finos_cla-bot,https://github.com/finos/cla-bot,45,27
Bounties-Network_BountiesAPI,https://github.com/Bounties-Network/BountiesAPI,43,26
serverlessbuch_jwtAuthorizr,https://github.com/serverlessbuch/jwtAuthorizr,43,13
thundra-io_thundra-lambda-warmup,https://github.com/thundra-io/thundra-lambda-warmup,43,6
cloudavail_snippets,https://github.com/cloudavail/snippets,42,23
RemotePixel_remotepixel-tiler,https://github.com/RemotePixel/remotepixel-tiler,42,17
alleyinteractive_irving,https://github.com/alleyinteractive/irving,42,8
rolling-scopes_karate,https://github.com/rolling-scopes/karate,42,2
tophat_sanity-runner,https://github.com/tophat/sanity-runner,41,4
iopipe_serverless-plugin-iopipe,https://github.com/iopipe/serverless-plugin-iopipe,40,8
kiwicom_gitlab-unfurly,https://github.com/kiwicom/gitlab-unfurly,39,9
gwittchen_lambda-ocr,https://github.com/gwittchen/lambda-ocr,38,13
lendi-au_StackJanitor,https://github.com/lendi-au/StackJanitor,37,2
faizanbashir_python-ses-dynamodb-contactform,https://github.com/faizanbashir/python-ses-dynamodb-contactform,35,16
jokester_typescript-boilerplate,https://github.com/jokester/typescript-boilerplate,34,4
ianrufus_BlogPosts,https://github.com/ianrufus/BlogPosts,33,27
pluto-net_scinapse-web-client,https://github.com/pluto-net/scinapse-web-client,33,6
honeybadger-io_serverless-quickstart,https://github.com/honeybadger-io/serverless-quickstart,33,4
JonathanWilbur_asn1-ts,https://github.com/JonathanWilbur/asn1-ts,32,6
ildella_pocket-cli,https://github.com/ildella/pocket-cli,32,1
uport-project_lambda-sensui,https://github.com/uport-project/lambda-sensui,31,12
serverless-projects_serverless-authorizers,https://github.com/serverless-projects/serverless-authorizers,31,10
ffissore_shorty,https://github.com/ffissore/shorty,31,1
TheBrainFamily_TheBrain2.0,https://github.com/TheBrainFamily/TheBrain2.0,27,8
Energy-Sparks_energy-sparks,https://github.com/Energy-Sparks/energy-sparks,27,6
riyadhalnur_issuelabeler,https://github.com/riyadhalnur/issuelabeler,25,9
aashutoshrathi_git-profiler-bot,https://github.com/aashutoshrathi/git-profiler-bot,25,6
yoskeoka_gognito,https://github.com/yoskeoka/gognito,25,5
jordaneremieff_guitarlette,https://github.com/jordaneremieff/guitarlette,25,2
alvarocavalcanti_pierre-decheck,https://github.com/alvarocavalcanti/pierre-decheck,24,13
bharatari_utd-grades,https://github.com/bharatari/utd-grades,22,2
k1LoW_serverless-static-hosting-with-basic-auth,https://github.com/k1LoW/serverless-static-hosting-with-basic-auth,21,8
pimp-my-book_serverless-graphql-nodejs-starter,https://github.com/pimp-my-book/serverless-graphql-nodejs-starter,21,6
bundlewatch_service,https://github.com/bundlewatch/service,20,14
moia-dev_lambda-kotlin-request-router,https://github.com/moia-dev/lambda-kotlin-request-router,20,5
yuvadm_geshem.space,https://github.com/yuvadm/geshem.space,20,5
fishbrain_codebuild-slack-notifier,https://github.com/fishbrain/codebuild-slack-notifier,19,13
highfidelity_hifi-content,https://github.com/highfidelity/hifi-content,18,110
standard-library_wire-o,https://github.com/standard-library/wire-o,18,11
ACTtaiwan_us-tw-watch-site,https://github.com/ACTtaiwan/us-tw-watch-site,18,2
erezrokah_serverless-monitoring-app,https://github.com/erezrokah/serverless-monitoring-app,17,10
sassoftware_restaf,https://github.com/sassoftware/restaf,17,10
commercetools_commercetools-sdk-php-v2,https://github.com/commercetools/commercetools-sdk-php-v2,17,8
kylegalbraith_newsletter-automation,https://github.com/kylegalbraith/newsletter-automation,17,4
anddimario_stiva,https://github.com/anddimario/stiva,17,2
keitakn_aws-serverless-prototype,https://github.com/keitakn/aws-serverless-prototype,17,2
alanbo_serverless-cms,https://github.com/alanbo/serverless-cms,16,5
jacob-grahn_plant-right-4,https://github.com/jacob-grahn/plant-right-4,16,4
SystemsCyber_CAN-Logger-3,https://github.com/SystemsCyber/CAN-Logger-3,16,4
mjgaylord_branch-event-uploader,https://github.com/mjgaylord/branch-event-uploader,16,2
visual-knight_platform-community-edition,https://github.com/visual-knight/platform-community-edition,16,1
singnet_snet-marketplace-service,https://github.com/singnet/snet-marketplace-service,15,23
manwaring-automation_odin,https://github.com/manwaring-automation/odin,15,9
niiknow_gtin-cloud,https://github.com/niiknow/gtin-cloud,15,3
ec-europa_eubfr-data-lake,https://github.com/ec-europa/eubfr-data-lake,14,7
y13i_amirotate,https://github.com/y13i/amirotate,14,5
nib-health-funds_hammertime,https://github.com/nib-health-funds/hammertime,14,4
riquellopes_golang,https://github.com/riquellopes/golang,14,0
home-assistant_probot-home-assistant,https://github.com/home-assistant/probot-home-assistant,13,15
ScrumBoard-it_ScrumBoard-it,https://github.com/ScrumBoard-it/ScrumBoard-it,13,8
rhlsthrm_bittman,https://github.com/rhlsthrm/bittman,13,4
qianl15_this,https://github.com/qianl15/this,13,3
artoliukkonen_serverless-es6-boilerplate,https://github.com/artoliukkonen/serverless-es6-boilerplate,13,1
p1ass_emojic.ch,https://github.com/p1ass/emojic.ch,13,1
khilnani_textchart.com,https://github.com/khilnani/textchart.com,13,0
99xt-incubator_interns-portal,https://github.com/99xt-incubator/interns-portal,12,37
epicfaace_CFF,https://github.com/epicfaace/CFF,12,10
rohithpr_homepage,https://github.com/rohithpr/homepage,12,9
3PillarGlobal_engineering-playbook,https://github.com/3PillarGlobal/engineering-playbook,12,5
iiAku_zip-aws-lambda,https://github.com/iiAku/zip-aws-lambda,12,3
raphaelvigee_raphaelvigee.com,https://github.com/raphaelvigee/raphaelvigee.com,12,3
conveyal_trevorbot,https://github.com/conveyal/trevorbot,12,2
juhamust_bitbucket2sns,https://github.com/juhamust/bitbucket2sns,12,1
spinscale_serverless-owntracks-kotlin,https://github.com/spinscale/serverless-owntracks-kotlin,12,1
AKK9_torrent-ip-checker,https://github.com/AKK9/torrent-ip-checker,12,0
ezl_dailyidea.com,https://github.com/ezl/dailyidea.com,11,11
leehanchung_smoking_detector,https://github.com/leehanchung/smoking_detector,11,5
Cimpress-MCP_felix,https://github.com/Cimpress-MCP/felix,11,4
amits97_naadan-chords,https://github.com/amits97/naadan-chords,11,2
mlafeldt_launchdarkly-dynamo-store,https://github.com/mlafeldt/launchdarkly-dynamo-store,11,2
tsub_serverless-daily-standup-bot,https://github.com/tsub/serverless-daily-standup-bot,11,0
mozilla-iam_cis,https://github.com/mozilla-iam/cis,10,27
Dwolla_bambot,https://github.com/Dwolla/bambot,10,7
brickpop_serverless-tdd-starter,https://github.com/brickpop/serverless-tdd-starter,10,2
ckuijjer_expatcinema.com,https://github.com/ckuijjer/expatcinema.com,10,1
just-dandi_dandi,https://github.com/just-dandi/dandi,10,1
Zirkonium88_AWS,https://github.com/Zirkonium88/AWS,10,1
boroivanov_yoki,https://github.com/boroivanov/yoki,10,0
apache_incubator-mxnet-ci,https://github.com/apache/incubator-mxnet-ci,9,14
3box_3box-address-server,https://github.com/3box/3box-address-server,9,9
3box_3box-verifications,https://github.com/3box/3box-verifications,9,4
Nuordo_tags-for-slack,https://github.com/Nuordo/tags-for-slack,9,4
jaydp17_series-notifier-serverless,https://github.com/jaydp17/series-notifier-serverless,9,3
AKIRA-MIYAKE_serverless-typescript-starter,https://github.com/AKIRA-MIYAKE/serverless-typescript-starter,9,1
DavidWells_davidwells-legacy-site,https://github.com/DavidWells/davidwells-legacy-site,9,1
jpswade_serverless-contact-form,https://github.com/jpswade/serverless-contact-form,9,1
mcnamee_graphql-server-boilerplate,https://github.com/mcnamee/graphql-server-boilerplate,9,1
EQuimper_equimper.com,https://github.com/EQuimper/equimper.com,9,0
istresearch_phantom-snap,https://github.com/istresearch/phantom-snap,8,6
giffon_giffon,https://github.com/giffon/giffon,8,4
arashout_ubcapi,https://github.com/arashout/ubcapi,8,3
DrFriendless_ExtendedStatsServerless,https://github.com/DrFriendless/ExtendedStatsServerless,8,3
flynnpark_movie-log,https://github.com/flynnpark/movie-log,8,1
slavagu_moodometer,https://github.com/slavagu/moodometer,8,1
EugeneDraitsev_telegram-bot-app,https://github.com/EugeneDraitsev/telegram-bot-app,7,5
home-assistant_LabelBot,https://github.com/home-assistant/LabelBot,7,5
NMDSdevopsServiceAdm_SopraSteria-SFC,https://github.com/NMDSdevopsServiceAdm/SopraSteria-SFC,7,5
makenew_serverless-python,https://github.com/makenew/serverless-python,7,4
reg-viz_gh-app,https://github.com/reg-viz/gh-app,7,4
thoughtworks_byor-voting-server,https://github.com/thoughtworks/byor-voting-server,7,4
City-Bureau_chi-bill-bot,https://github.com/City-Bureau/chi-bill-bot,7,3
ReseauEntourage_entourage-ror,https://github.com/ReseauEntourage/entourage-ror,7,3
otbe_ktor-server-lambda,https://github.com/otbe/ktor-server-lambda,7,2
ajfisher_tourney-tools,https://github.com/ajfisher/tourney-tools,7,1
BrunoBiluca_Cursos,https://github.com/BrunoBiluca/Cursos,7,1
alexlitel_congresschanges,https://github.com/alexlitel/congresschanges,7,0
kontrollanten_netlify-travis-integration,https://github.com/kontrollanten/netlify-travis-integration,7,0
Learnspree_Serverless-Language-Performance-Framework,https://github.com/Learnspree/Serverless-Language-Performance-Framework,7,0
o-o-overflow_dc2020q-scoreboard,https://github.com/o-o-overflow/dc2020q-scoreboard,7,0
perfsys_cloud-crm,https://github.com/perfsys/cloud-crm,6,7
leehanchung_btc_dash,https://github.com/leehanchung/btc_dash,6,6
ns4lin4s_stackoverflow,https://github.com/ns4lin4s/stackoverflow,6,6
forest-fire_firemock,https://github.com/forest-fire/firemock,6,5
LBHackney-IT_lbh-base-api,https://github.com/LBHackney-IT/lbh-base-api,6,4
uport-project_lambda-caleuche,https://github.com/uport-project/lambda-caleuche,6,4
kfigiela_cloud-functions,https://github.com/kfigiela/cloud-functions,6,3
mabels_ImgSrc,https://github.com/mabels/ImgSrc,6,3
nib-health-funds_robin,https://github.com/nib-health-funds/robin,6,3
femioladeji_slack-words,https://github.com/femioladeji/slack-words,6,2
joelseq_ucsd-rooms,https://github.com/joelseq/ucsd-rooms,6,2
ksnyde_async-shelljs,https://github.com/ksnyde/async-shelljs,6,2
nickromano_serverless-ping,https://github.com/nickromano/serverless-ping,6,2
openearth_flowmap,https://github.com/openearth/flowmap,6,2
BadIdeaFactory_contextubot,https://github.com/BadIdeaFactory/contextubot,6,1
dested_OrbitalGa.me,https://github.com/dested/OrbitalGa.me,6,1
dschep_hows-my-driving-dc,https://github.com/dschep/hows-my-driving-dc,6,1
FormidableLabs_badges,https://github.com/FormidableLabs/badges,6,1
JonathanWilbur_x509-ts,https://github.com/JonathanWilbur/x509-ts,6,1
monch1962_wilee,https://github.com/monch1962/wilee,6,1
pianomansam_serverless-offline-http-mock,https://github.com/pianomansam/serverless-offline-http-mock,6,1
uport-project_lambda-chasqui,https://github.com/uport-project/lambda-chasqui,6,1
dylan-thinnes_solsys,https://github.com/dylan-thinnes/solsys,6,0
ecrmnn_sls-aws-nodejs-boilerplate,https://github.com/ecrmnn/sls-aws-nodejs-boilerplate,6,0
episodehunter_episodehunter,https://github.com/episodehunter/episodehunter,6,0
iknowcss_zhongwenguji,https://github.com/iknowcss/zhongwenguji,6,0
joshg111_craigslist_kbb,https://github.com/joshg111/craigslist_kbb,6,0
xymeow_csci571,https://github.com/xymeow/csci571,5,12
Element84_cmr-stac-api-proxy,https://github.com/Element84/cmr-stac-api-proxy,5,4
OCLC-Developer-Network_devconnect-online-oclc-apis-101,https://github.com/OCLC-Developer-Network/devconnect-online-oclc-apis-101,5,3
zerobias_codebox,https://github.com/zerobias/codebox,5,1
erezrokah_gitchi,https://github.com/erezrokah/gitchi,5,0
mwickett_forbes-web,https://github.com/mwickett/forbes-web,5,0
pariveda-serverless_ny-doorman,https://github.com/pariveda-serverless/ny-doorman,5,0
Pita_rocketcal,https://github.com/Pita/rocketcal,5,0
ream88_shift-code,https://github.com/ream88/shift-code,5,0
ryanwestby_serverless-postgraphile,https://github.com/ryanwestby/serverless-postgraphile,5,0
zhammer_playlist-souffle,https://github.com/zhammer/playlist-souffle,5,0
MXNetEdge_mxnet-infrastructure,https://github.com/MXNetEdge/mxnet-infrastructure,4,7
ilios_lti-server,https://github.com/ilios/lti-server,4,5
josephyi_nikola,https://github.com/josephyi/nikola,4,5
dvsa_cvs-svc-technical-records,https://github.com/dvsa/cvs-svc-technical-records,4,3
trevorgrayson_pointillism,https://github.com/trevorgrayson/pointillism,4,3
inocan-group_aws-log,https://github.com/inocan-group/aws-log,4,2
mcalus3_open-fraksl,https://github.com/mcalus3/open-fraksl,4,2
9bic_lambda2pushover,https://github.com/9bic/lambda2pushover,4,1
AlphaGit_worklogger,https://github.com/AlphaGit/worklogger,4,1
chrishutchinson_air-quality-alexa-skill,https://github.com/chrishutchinson/air-quality-alexa-skill,4,1
DavidCain_bibliophile,https://github.com/DavidCain/bibliophile,4,1
piohhmy_nws-weather,https://github.com/piohhmy/nws-weather,4,1
Platane_pizza-tracker,https://github.com/Platane/pizza-tracker,4,1
snaka_skill-backspace.fm,https://github.com/snaka/skill-backspace.fm,4,1
taylorzr_slack_trail,https://github.com/taylorzr/slack_trail,4,1
wilsonmar_DevSecOps,https://github.com/wilsonmar/DevSecOps,4,1
awrznc_scribble,https://github.com/awrznc/scribble,4,0
DavidWells_scope,https://github.com/DavidWells/scope,4,0
mcliff1_myslsapp,https://github.com/mcliff1/myslsapp,4,0
tschoffelen_tschoffelen,https://github.com/tschoffelen/tschoffelen,4,0
vitaliy-komenda_crypto-rate-teller-bot,https://github.com/vitaliy-komenda/crypto-rate-teller-bot,4,0
vkomulai_juhani.mobi,https://github.com/vkomulai/juhani.mobi,4,0
mozilla-iam_gsuite_cloud_users_driver,https://github.com/mozilla-iam/gsuite_cloud_users_driver,3,4
Dwolla_cloudwatch-alarm-cleanup,https://github.com/Dwolla/cloudwatch-alarm-cleanup,3,3
RhythmicExcellence_rhythmicexcellence.london,https://github.com/RhythmicExcellence/rhythmicexcellence.london,3,3
jrosenbecker_hipchat-quotebot-ui,https://github.com/jrosenbecker/hipchat-quotebot-ui,3,2
rd11490_NBAShotSite,https://github.com/rd11490/NBAShotSite,3,2
rlisagor_ahv-council-thing,https://github.com/rlisagor/ahv-council-thing,3,2
ScottBouloutian_sound-sync,https://github.com/ScottBouloutian/sound-sync,3,2
timohermans_Homebank,https://github.com/timohermans/Homebank,3,2
70-10_sandbox,https://github.com/70-10/sandbox,3,1
caffeinetv_snappy,https://github.com/caffeinetv/snappy,3,1
cycleseven_lunchbot,https://github.com/cycleseven/lunchbot,3,1
d0ruk_serverless-notes-app,https://github.com/d0ruk/serverless-notes-app,3,1
dbushell_dbushell.com,https://github.com/dbushell/dbushell.com,3,1
karbon14_crowdsale-home-api,https://github.com/karbon14/crowdsale-home-api,3,1
matteo-hertel_PlanMyDay,https://github.com/matteo-hertel/PlanMyDay,3,1
niiknow_lambda-form,https://github.com/niiknow/lambda-form,3,1
reitermarkus_serverless,https://github.com/reitermarkus/serverless,3,1
silinternational_personnel-sync,https://github.com/silinternational/personnel-sync,3,1
sinhasonalkumar_sonalrnd,https://github.com/sinhasonalkumar/sonalrnd,3,1
weilandia_sendgrid-webhook-to-mixpanel-lambda,https://github.com/weilandia/sendgrid-webhook-to-mixpanel-lambda,3,1
wulfy_alexa-homekit,https://github.com/wulfy/alexa-homekit,3,1
alexandrino_wotb-stats-serverless,https://github.com/alexandrino/wotb-stats-serverless,3,0
capnfabs_emoji-haiku,https://github.com/capnfabs/emoji-haiku,3,0
chasingmaxwell_FeedBoost,https://github.com/chasingmaxwell/FeedBoost,3,0
jser_serverless,https://github.com/jser/serverless,3,0
kelvinn_alerted-us-scraper,https://github.com/kelvinn/alerted-us-scraper,3,0
MitocGroup_adtechmedia-website,https://github.com/MitocGroup/adtechmedia-website,3,0
rgitzel_azul-generator,https://github.com/rgitzel/azul-generator,3,0
syon_chase,https://github.com/syon/chase,3,0
wri_glad-raster-analysis-lambda,https://github.com/wri/glad-raster-analysis-lambda,3,0
danhimalplanet_advent,https://github.com/danhimalplanet/advent,2,6
mattermost_mattermost-metrics-server,https://github.com/mattermost/mattermost-metrics-server,2,5
Dynatrace_serverless-hotday-2019,https://github.com/Dynatrace/serverless-hotday-2019,2,4
labsyspharm_minerva-infrastructure,https://github.com/labsyspharm/minerva-infrastructure,2,4
uncompiled_alexa-fruit-stand,https://github.com/uncompiled/alexa-fruit-stand,2,4
amavm_amavm-vdh-api,https://github.com/amavm/amavm-vdh-api,2,3
DoSomething_lambda-papertrail,https://github.com/DoSomething/lambda-papertrail,2,3
dvsa_cvs-svc-test-results,https://github.com/dvsa/cvs-svc-test-results,2,3
dvsa_vehicle-recalls-api,https://github.com/dvsa/vehicle-recalls-api,2,2
Financial-Times_shorthand-lambda,https://github.com/Financial-Times/shorthand-lambda,2,2
dvsa_cvs-svc-test-types,https://github.com/dvsa/cvs-svc-test-types,2,1
fakecoinbase_CodaProtocolslashcoda,https://github.com/fakecoinbase/CodaProtocolslashcoda,2,1
groppe_kart,https://github.com/groppe/kart,2,1
hbrls_hbrls.github.io,https://github.com/hbrls/hbrls.github.io,2,1
IsaiahHarris_isaiahharris.me,https://github.com/IsaiahHarris/isaiahharris.me,2,1
jerep6_xke-serverless,https://github.com/jerep6/xke-serverless,2,1
jonathonadams_zero-to-production,https://github.com/jonathonadams/zero-to-production,2,1
kabisa_serverless_backup_check,https://github.com/kabisa/serverless_backup_check,2,1
ptrlaszlo_bytmap,https://github.com/ptrlaszlo/bytmap,2,1
shawnaxsom_horizonal,https://github.com/shawnaxsom/horizonal,2,1
Web-tree_mydata,https://github.com/Web-tree/mydata,2,1
y12studio_y12js,https://github.com/y12studio/y12js,2,1
adriancarriger_experiments,https://github.com/adriancarriger/experiments,2,0
aiell0_prospectbot,https://github.com/aiell0/prospectbot,2,0
alasdairnicol_alexa-bin-collection,https://github.com/alasdairnicol/alexa-bin-collection,2,0
bobman38_nelligan-plus,https://github.com/bobman38/nelligan-plus,2,0
CruGlobal_kirby,https://github.com/CruGlobal/kirby,2,0
danielhensilva_extras,https://github.com/danielhensilva/extras,2,0
dglcinc_HVAC-pi,https://github.com/dglcinc/HVAC-pi,2,0
dreamiurg_weather-station,https://github.com/dreamiurg/weather-station,2,0
fishbrain_cloudwatch-sidekiq-stats,https://github.com/fishbrain/cloudwatch-sidekiq-stats,2,0
hopskipnfall_smashbits,https://github.com/hopskipnfall/smashbits,2,0
hypoport_slack-wps-py,https://github.com/hypoport/slack-wps-py,2,0
inocan-group_discord-bitbucket-integration,https://github.com/inocan-group/discord-bitbucket-integration,2,0
irr_go-labs,https://github.com/irr/go-labs,2,0
jackstenglein_rest-api-creator,https://github.com/jackstenglein/rest-api-creator,2,0
jhwheeler_cryptor,https://github.com/jhwheeler/cryptor,2,0
jrdrg_whatdidieat,https://github.com/jrdrg/whatdidieat,2,0
jTanG0506_fluffy-potato,https://github.com/jTanG0506/fluffy-potato,2,0
kalevalp_watchtower,https://github.com/kalevalp/watchtower,2,0
kjrocker_react-crossplatform,https://github.com/kjrocker/react-crossplatform,2,0
MechanicalRock_instance-reaper,https://github.com/MechanicalRock/instance-reaper,2,0
multiplechoice_spiders,https://github.com/multiplechoice/spiders,2,0
PaulFasola_alexa-skill-lambo,https://github.com/PaulFasola/alexa-skill-lambo,2,0
santhoshmurali_models-and-methods,https://github.com/santhoshmurali/models-and-methods,2,0
SergioV85_quest-stat-viewer,https://github.com/SergioV85/quest-stat-viewer,2,0
tdehollain_usedCars,https://github.com/tdehollain/usedCars,2,0
tgcaspa_double-lotto-il,https://github.com/tgcaspa/double-lotto-il,2,0
times_canteenbot,https://github.com/times/canteenbot,2,0
uncompiled_bikelanes.wtf,https://github.com/uncompiled/bikelanes.wtf,2,0
wilhelmklopp_wilhelmklopp.com,https://github.com/wilhelmklopp/wilhelmklopp.com,2,0
yeonghoey_galpi,https://github.com/yeonghoey/galpi,2,0
jrouly_bee,https://github.com/jrouly/bee,1,5
muralim4242_mihy-repo,https://github.com/muralim4242/mihy-repo,1,4
serverlesspolska_serverless-aws-nodejs-starter,https://github.com/serverlesspolska/serverless-aws-nodejs-starter,1,4
HumanCellAtlas_metadata-schema-publisher,https://github.com/HumanCellAtlas/metadata-schema-publisher,1,3
Stradivario_gapi-starter-serverless-sequelize,https://github.com/Stradivario/gapi-starter-serverless-sequelize,1,3
afiorito_SmartPot,https://github.com/afiorito/SmartPot,1,2
asaxen_Codeterrific,https://github.com/asaxen/Codeterrific,1,2
bdgamble_superagent-aws-signed-request,https://github.com/bdgamble/superagent-aws-signed-request,1,2
brokalys_sls-api,https://github.com/brokalys/sls-api,1,2
dvsa_cvs-tsk-cert-gen-init,https://github.com/dvsa/cvs-tsk-cert-gen-init,1,2
ki-tools_sls_ki_synapse,https://github.com/ki-tools/sls_ki_synapse,1,2
neo4j-contrib_classmarker-integration,https://github.com/neo4j-contrib/classmarker-integration,1,2
Ninban_puller,https://github.com/Ninban/puller,1,2
phillyfan1138_credit_faas,https://github.com/phillyfan1138/credit_faas,1,2
phillyfan1138_market_faas,https://github.com/phillyfan1138/market_faas,1,2
4art_insider_s3l3ct_kinesis,https://github.com/4art/insider_s3l3ct_kinesis,1,1
alexhogberg_slash-afterwork,https://github.com/alexhogberg/slash-afterwork,1,1
codetaming_indy-ingest,https://github.com/codetaming/indy-ingest,1,1
DEFRA_lfw-data,https://github.com/DEFRA/lfw-data,1,1
dvsa_cvs-svc-test-number,https://github.com/dvsa/cvs-svc-test-number,1,1
dvsa_cvs-tsk-cert-gen,https://github.com/dvsa/cvs-tsk-cert-gen,1,1
dvsa_cvs-tsk-cert-gov-notify,https://github.com/dvsa/cvs-tsk-cert-gov-notify,1,1
dvsa_cvs-tsk-retro-gen,https://github.com/dvsa/cvs-tsk-retro-gen,1,1
dvsa_cvs-tsk-retro-gen-init,https://github.com/dvsa/cvs-tsk-retro-gen-init,1,1
dvsa_mes-result-processing-service,https://github.com/dvsa/mes-result-processing-service,1,1
estranged42_lunchup,https://github.com/estranged42/lunchup,1,1
gabemarshall_monocular,https://github.com/gabemarshall/monocular,1,1
hscspring_Coding-Collections,https://github.com/hscspring/Coding-Collections,1,1
jhawthorn_untappd-slack,https://github.com/jhawthorn/untappd-slack,1,1
mabels_talks,https://github.com/mabels/talks,1,1
MacHu-GWU_crawlib-project,https://github.com/MacHu-GWU/crawlib-project,1,1
malariagen_sims-backbone,https://github.com/malariagen/sims-backbone,1,1
MaximDevoir_labels-manager,https://github.com/MaximDevoir/labels-manager,1,1
mottaquikarim_PrayerApp,https://github.com/mottaquikarim/PrayerApp,1,1
oneirism_dicebot,https://github.com/oneirism/dicebot,1,1
owidder_zer0slides,https://github.com/owidder/zer0slides,1,1
phamhoanglinh137_projects,https://github.com/phamhoanglinh137/projects,1,1
prevostc_slackbot-arthur,https://github.com/prevostc/slackbot-arthur,1,1
riethmayer_eureka,https://github.com/riethmayer/eureka,1,1
SergioV85_quest-stat-parser,https://github.com/SergioV85/quest-stat-parser,1,1
slavivanov_sls-chrome-screenshot,https://github.com/slavivanov/sls-chrome-screenshot,1,1
slnsw_dxlab-young-ct-2018,https://github.com/slnsw/dxlab-young-ct-2018,1,1
t5unamie_greenlab,https://github.com/t5unamie/greenlab,1,1
acambas_my_ser_starter,https://github.com/acambas/my_ser_starter,1,0
adambraimbridge_twist,https://github.com/adambraimbridge/twist,1,0
adieuadieu_thingamajigs,https://github.com/adieuadieu/thingamajigs,1,0
AlexGascon_diabetelegram,https://github.com/AlexGascon/diabetelegram,1,0
amits97_amitsn-blog,https://github.com/amits97/amitsn-blog,1,0
AmoDinho_lunar-tour-v2,https://github.com/AmoDinho/lunar-tour-v2,1,0
AndresUrregoAngel_CBB,https://github.com/AndresUrregoAngel/CBB,1,0
andriesss_qa-github-webhooks,https://github.com/andriesss/qa-github-webhooks,1,0
andyjduncan_url-shrtnr,https://github.com/andyjduncan/url-shrtnr,1,0
anuradhawick_vinyl-search,https://github.com/anuradhawick/vinyl-search,1,0
art-1st_lvlz.us,https://github.com/art-1st/lvlz.us,1,0
aRusenov_lambda-image-resize,https://github.com/aRusenov/lambda-image-resize,1,0
beproud_bp-cron,https://github.com/beproud/bp-cron,1,0
bkuhlen73_udemy,https://github.com/bkuhlen73/udemy,1,0
bobstrange_sandbox,https://github.com/bobstrange/sandbox,1,0
bongbang_num,https://github.com/bongbang/num,1,0
davcheng_paydavid.io,https://github.com/davcheng/paydavid.io,1,0
debtcollective_document-service,https://github.com/debtcollective/document-service,1,0
demidov91_belarusbank,https://github.com/demidov91/belarusbank,1,0
djiti_skill-factory,https://github.com/djiti/skill-factory,1,0
dwhitnee_euchre,https://github.com/dwhitnee/euchre,1,0
earaujoassis_postal,https://github.com/earaujoassis/postal,1,0
ericnchen_aws-lambda-latex,https://github.com/ericnchen/aws-lambda-latex,1,0
farmerajf_alexa-rota,https://github.com/farmerajf/alexa-rota,1,0
faulke_weatherapp,https://github.com/faulke/weatherapp,1,0
Frojd_VersionWatcher,https://github.com/Frojd/VersionWatcher,1,0
gaerongsalon_mist,https://github.com/gaerongsalon/mist,1,0
georgialexandrov_smart-home,https://github.com/georgialexandrov/smart-home,1,0
gregstewart_Teacup-In-A-Storm,https://github.com/gregstewart/Teacup-In-A-Storm,1,0
hackle_blogger,https://github.com/hackle/blogger,1,0
hollowverse_hollowverse,https://github.com/hollowverse/hollowverse,1,0
janakerman_crawley-crawler,https://github.com/janakerman/crawley-crawler,1,0
JasaNiklanovic_GraphqlServerless,https://github.com/JasaNiklanovic/GraphqlServerless,1,0
JimLynchCodes_Cljs-Twitter-Unfollower,https://github.com/JimLynchCodes/Cljs-Twitter-Unfollower,1,0
johanmynhardt_sparttt.app,https://github.com/johanmynhardt/sparttt.app,1,0
JustinLivi_livi-menezes-wedding,https://github.com/JustinLivi/livi-menezes-wedding,1,0
kojiisd_cognito-user-manager,https://github.com/kojiisd/cognito-user-manager,1,0
LEscobar-Driver_Code,https://github.com/LEscobar-Driver/Code,1,0
leventgunay_experimental,https://github.com/leventgunay/experimental,1,0
luukgruijs_projectfish,https://github.com/luukgruijs/projectfish,1,0
mallize_sls-group-telegram-bot,https://github.com/mallize/sls-group-telegram-bot,1,0
marianban_experiments,https://github.com/marianban/experiments,1,0
markwainwright_la-crosse-to-wunderground-pws,https://github.com/markwainwright/la-crosse-to-wunderground-pws,1,0
marmatys_comic-fetcher,https://github.com/marmatys/comic-fetcher,1,0
mcliff1_polly,https://github.com/mcliff1/polly,1,0
mcliff1_SignalBot,https://github.com/mcliff1/SignalBot,1,0
microtema_serverless,https://github.com/microtema/serverless,1,0
n6g7_euler,https://github.com/n6g7/euler,1,0
NC-ELKS_GLM-BACKEND,https://github.com/NC-ELKS/GLM-BACKEND,1,0
nostprumprajee_Traveller,https://github.com/nostprumprajee/Traveller,1,0
o-o-overflow_dc2019q-scoreboard,https://github.com/o-o-overflow/dc2019q-scoreboard,1,0
ohyeahjoe_apcompsciproject,https://github.com/ohyeahjoe/apcompsciproject,1,0
Opetushallitus_oma-opintopolku-loki,https://github.com/Opetushallitus/oma-opintopolku-loki,1,0
PrestonHager_SoundBytes,https://github.com/PrestonHager/SoundBytes,1,0
PublicNTP_stripe-processor-lambda,https://github.com/PublicNTP/stripe-processor-lambda,1,0
qiweiii_my-website-v2,https://github.com/qiweiii/my-website-v2,1,0
rafaelrpinto_serverless-boilerplate,https://github.com/rafaelrpinto/serverless-boilerplate,1,0
revmischa_sls-flask-pre,https://github.com/revmischa/sls-flask-pre,1,0
ronniemara_patient-fhir,https://github.com/ronniemara/patient-fhir,1,0
saka1_slack-webhook-gatekeeper,https://github.com/saka1/slack-webhook-gatekeeper,1,0
salmiak_mat,https://github.com/salmiak/mat,1,0
scherermichael-oss_conventional-mergebot,https://github.com/scherermichael-oss/conventional-mergebot,1,0
SingularData_data-engine,https://github.com/SingularData/data-engine,1,0
sportnumerics_predict,https://github.com/sportnumerics/predict,1,0
ssifwc_api,https://github.com/ssifwc/api,1,0
ssifwc_epicollect-migrator,https://github.com/ssifwc/epicollect-migrator,1,0
stazbass_Haze,https://github.com/stazbass/Haze,1,0
SumOfUs_toolkit,https://github.com/SumOfUs/toolkit,1,0
take4mats_sendgrid-receiver-aws,https://github.com/take4mats/sendgrid-receiver-aws,1,0
taylorreece_bubblecheck,https://github.com/taylorreece/bubblecheck,1,0
taylorwc_hnquery,https://github.com/taylorwc/hnquery,1,0
tbaik_random-slack-slash,https://github.com/tbaik/random-slack-slash,1,0
thomasm1_dailytechpost,https://github.com/thomasm1/dailytechpost,1,0
toyokappa_tabimemo,https://github.com/toyokappa/tabimemo,1,0
ukon1990_guild-site,https://github.com/ukon1990/guild-site,1,0
upggr_m3u-checker,https://github.com/upggr/m3u-checker,1,0
urbanriskmap_cognicity-facebook-ads,https://github.com/urbanriskmap/cognicity-facebook-ads,1,0
uw-asa_uw-slack-r25-bot,https://github.com/uw-asa/uw-slack-r25-bot,1,0
valscion_dissobot,https://github.com/valscion/dissobot,1,0
Vertical-Church-Charleston_nametags-serverless-api,https://github.com/Vertical-Church-Charleston/nametags-serverless-api,1,0
wangtoday_Life-in-a-box,https://github.com/wangtoday/Life-in-a-box,1,0
wineman3_text-to-speech,https://github.com/wineman3/text-to-speech,1,0
YukiMiyatake_GOSICK,https://github.com/YukiMiyatake/GOSICK,1,0
yuya-takeyama_keyakizaka46-schedule-slack-notifier,https://github.com/yuya-takeyama/keyakizaka46-schedule-slack-notifier,1,0
OctopusDeploy_WebDriverTraining,https://github.com/OctopusDeploy/WebDriverTraining,0,10
parisandmilo_news-api,https://github.com/parisandmilo/news-api,0,9
mozilla-iam_cis_hris_publisher,https://github.com/mozilla-iam/cis_hris_publisher,0,5
wellesleyhack_fall2017,https://github.com/wellesleyhack/fall2017,0,5
mozilla-iam_gsuite-community-drive-driver,https://github.com/mozilla-iam/gsuite-community-drive-driver,0,4
OpenCerts_opencerts-functions,https://github.com/OpenCerts/opencerts-functions,0,4
piotrek722_CloudFunctionOptimizer,https://github.com/piotrek722/CloudFunctionOptimizer,0,4
topcoder-platform_member-stats-sync-lambda,https://github.com/topcoder-platform/member-stats-sync-lambda,0,4
andreasonny83_serverless-name-generator,https://github.com/andreasonny83/serverless-name-generator,0,3
bitscooplabs_lifescope,https://github.com/bitscooplabs/lifescope,0,3
randytarampi_pwa,https://github.com/randytarampi/pwa,0,3
dvsa_cvs-svc-defects,https://github.com/dvsa/cvs-svc-defects,0,2
dvsa_mes-configuration-service,https://github.com/dvsa/mes-configuration-service,0,2
gulpetl_gulp-etl-handlelines,https://github.com/gulpetl/gulp-etl-handlelines,0,2
iuni-cadre_DataPipelineAndProvenanceForCADRE,https://github.com/iuni-cadre/DataPipelineAndProvenanceForCADRE,0,2
meedan_narcissus,https://github.com/meedan/narcissus,0,2
METADIUM_go-delegator,https://github.com/METADIUM/go-delegator,0,2
osu-cascades_habit-loop-server,https://github.com/osu-cascades/habit-loop-server,0,2
Stellarize_Stellarterms,https://github.com/Stellarize/Stellarterms,0,2
topcoder-platform_tc-lambda-auth0-proxy-server,https://github.com/topcoder-platform/tc-lambda-auth0-proxy-server,0,2
wellesleyhack_fall2018,https://github.com/wellesleyhack/fall2018,0,2
afiorito_Ladder,https://github.com/afiorito/Ladder,0,1
aluc-io_aluc-io,https://github.com/aluc-io/aluc-io,0,1
anta-semenov_AI,https://github.com/anta-semenov/AI,0,1
bluephlavio_hotcities-lambdas,https://github.com/bluephlavio/hotcities-lambdas,0,1
brandonlee781_email-inliner,https://github.com/brandonlee781/email-inliner,0,1
codeontap_lambda-log-processors,https://github.com/codeontap/lambda-log-processors,0,1
ConsenSys_Luxarity-SensuiMod,https://github.com/ConsenSys/Luxarity-SensuiMod,0,1
datagovsg_beeline-tracking,https://github.com/datagovsg/beeline-tracking,0,1
dvsa_cvs-svc-activities,https://github.com/dvsa/cvs-svc-activities,0,1
dvsa_cvs-svc-doc-gen,https://github.com/dvsa/cvs-svc-doc-gen,0,1
dvsa_cvs-svc-preparers,https://github.com/dvsa/cvs-svc-preparers,0,1
dvsa_cvs-svc-test-stations,https://github.com/dvsa/cvs-svc-test-stations,0,1
dvsa_cvs-tsk-atf-report-gen,https://github.com/dvsa/cvs-tsk-atf-report-gen,0,1
dvsa_cvs-tsk-atf-report-gen-init,https://github.com/dvsa/cvs-tsk-atf-report-gen-init,0,1
dvsa_mes-data-poller-service,https://github.com/dvsa/mes-data-poller-service,0,1
dvsa_mes-documents-service,https://github.com/dvsa/mes-documents-service,0,1
dvsa_mes-journal-service,https://github.com/dvsa/mes-journal-service,0,1
dvsa_mes-logs-service,https://github.com/dvsa/mes-logs-service,0,1
dvsa_mes-mi-export-service,https://github.com/dvsa/mes-mi-export-service,0,1
dvsa_mes-result-service,https://github.com/dvsa/mes-result-service,0,1
Dwarakeshwaran_Code-Geek,https://github.com/Dwarakeshwaran/Code-Geek,0,1
ets-berkeley-edu_cloudlrs-ingest-microservice,https://github.com/ets-berkeley-edu/cloudlrs-ingest-microservice,0,1
Financial-Times_origami-codedocs,https://github.com/Financial-Times/origami-codedocs,0,1
g-six_armada,https://github.com/g-six/armada,0,1
jonathanfoster_twilio-gatekeeper,https://github.com/jonathanfoster/twilio-gatekeeper,0,1
kelvinn_changedetection,https://github.com/kelvinn/changedetection,0,1
Kiran01bm_aws-related,https://github.com/Kiran01bm/aws-related,0,1
lantrix_lambda-nodejs-s3-signature,https://github.com/lantrix/lambda-nodejs-s3-signature,0,1
leonyork_website,https://github.com/leonyork/website,0,1
lokitold_lambdachat,https://github.com/lokitold/lambdachat,0,1
lvnhmd_gdy.bg,https://github.com/lvnhmd/gdy.bg,0,1
Maev4l_celsus-lendings,https://github.com/Maev4l/celsus-lendings,0,1
melvinlee_lambda-restapi-nodejs,https://github.com/melvinlee/lambda-restapi-nodejs,0,1
millergd_CraigslistBots,https://github.com/millergd/CraigslistBots,0,1
mkul-bwa_My-repo-repex,https://github.com/mkul-bwa/My-repo-repex,0,1
NableKim_IncheonAirportAiSecretary,https://github.com/NableKim/IncheonAirportAiSecretary,0,1
nithinmohan114_AWS--Lambda,https://github.com/nithinmohan114/AWS--Lambda,0,1
noahbass_soccer-bot,https://github.com/noahbass/soccer-bot,0,1
ONSdigital_es-enrichment-sg,https://github.com/ONSdigital/es-enrichment-sg,0,1
ONSdigital_es-strata-sg,https://github.com/ONSdigital/es-strata-sg,0,1
orangecola_mtg-price,https://github.com/orangecola/mtg-price,0,1
otter-pond_backend,https://github.com/otter-pond/backend,0,1
phouse512_piper,https://github.com/phouse512/piper,0,1
pierophp_pinyin,https://github.com/pierophp/pinyin,0,1
Ricool06_breathe,https://github.com/Ricool06/breathe,0,1
rpiaggio_meal,https://github.com/rpiaggio/meal,0,1
saleemmalikraja_compare-npm-package,https://github.com/saleemmalikraja/compare-npm-package,0,1
SandeepThakare_aws-cicd-using-circleci,https://github.com/SandeepThakare/aws-cicd-using-circleci,0,1
sanudatta11_devops-artifacts,https://github.com/sanudatta11/devops-artifacts,0,1
shaharke_elidebi,https://github.com/shaharke/elidebi,0,1
silinternational_idp-id-broker-sls,https://github.com/silinternational/idp-id-broker-sls,0,1
silinternational_speed-snitch-admin-api,https://github.com/silinternational/speed-snitch-admin-api,0,1
totallymoney_TodaysAbsences,https://github.com/totallymoney/TodaysAbsences,0,1
tylerhsu_cutcats,https://github.com/tylerhsu/cutcats,0,1
whitmanschorn_vehicle-sheets,https://github.com/whitmanschorn/vehicle-sheets,0,1
wyfish_java-design-patterns,https://github.com/wyfish/java-design-patterns,0,1
AaronChenchen_mygithub003,https://github.com/AaronChenchen/mygithub003,0,0
ACTtaiwan_frontend-api,https://github.com/ACTtaiwan/frontend-api,0,0
adikus_yt_playlist_dl,https://github.com/adikus/yt_playlist_dl,0,0
adrymyry_bdge,https://github.com/adrymyry/bdge,0,0
ahtih_panorama,https://github.com/ahtih/panorama,0,0
aiur100_bob-lambda-api,https://github.com/aiur100/bob-lambda-api,0,0
akhtarja_serverless-prime-generator,https://github.com/akhtarja/serverless-prime-generator,0,0
alessh_aws-serverless-starter,https://github.com/alessh/aws-serverless-starter,0,0
aliemteam_aliemcards_cards,https://github.com/aliemteam/aliemcards_cards,0,0
alizhdanov_alizhdanov.dev,https://github.com/alizhdanov/alizhdanov.dev,0,0
amarkwalder_dynamicdns,https://github.com/amarkwalder/dynamicdns,0,0
amissemer_ywiki-plugins,https://github.com/amissemer/ywiki-plugins,0,0
angelfcm_prize-ranking-api,https://github.com/angelfcm/prize-ranking-api,0,0
anuragkapur_rowfitt-erg-image-service,https://github.com/anuragkapur/rowfitt-erg-image-service,0,0
anwyho_bartbot.bak,https://github.com/anwyho/bartbot.bak,0,0
aregus_test_post,https://github.com/aregus/test_post,0,0
armandopadilla_ggplatform-api,https://github.com/armandopadilla/ggplatform-api,0,0
arushkamboj_track-my-crypto,https://github.com/arushkamboj/track-my-crypto,0,0
asteriusj_semanticdatamaster,https://github.com/asteriusj/semanticdatamaster,0,0
b-massey_serverless-lambda-letsencrypt-autorenew,https://github.com/b-massey/serverless-lambda-letsencrypt-autorenew,0,0
balassy_camview,https://github.com/balassy/camview,0,0
bdxdh_java-shejimoshi,https://github.com/bdxdh/java-shejimoshi,0,0
bendemboski_frisky-girl-farm-api,https://github.com/bendemboski/frisky-girl-farm-api,0,0
benwhitman_holibot,https://github.com/benwhitman/holibot,0,0
bermudez_nkc-webapp,https://github.com/bermudez/nkc-webapp,0,0
bibbycodes_ft-infra-tech-test-robert-griffith,https://github.com/bibbycodes/ft-infra-tech-test-robert-griffith,0,0
biglotteryfund_grants-service,https://github.com/biglotteryfund/grants-service,0,0
bluefrogjam_wcmc,https://github.com/bluefrogjam/wcmc,0,0
bobstrange_js-sandbox,https://github.com/bobstrange/js-sandbox,0,0
bonnina_Breakfast-App,https://github.com/bonnina/Breakfast-App,0,0
boristane_blog-api,https://github.com/boristane/blog-api,0,0
bradeac_lambda-getPrice,https://github.com/bradeac/lambda-getPrice,0,0
bradeac_lambda-getWalletBalance,https://github.com/bradeac/lambda-getWalletBalance,0,0
brittaniSavery_siba-league-site,https://github.com/brittaniSavery/siba-league-site,0,0
bruin-iwai_avshare,https://github.com/bruin-iwai/avshare,0,0
bruin-iwai_tgbot,https://github.com/bruin-iwai/tgbot,0,0
bryanriosb_chat-AWSIoT,https://github.com/bryanriosb/chat-AWSIoT,0,0
bykof_notar,https://github.com/bykof/notar,0,0
cazfanel_laravel-app,https://github.com/cazfanel/laravel-app,0,0
cc6-ject_ject-backend,https://github.com/cc6-ject/ject-backend,0,0
cctechcloud_ans-backend-api-aws,https://github.com/cctechcloud/ans-backend-api-aws,0,0
celeron1ghz_twitter-bot-pigii,https://github.com/celeron1ghz/twitter-bot-pigii,0,0
cfrank0214_notes_api,https://github.com/cfrank0214/notes_api,0,0
chrisberry4545_seasonal,https://github.com/chrisberry4545/seasonal,0,0
christinning_qos-fixtures,https://github.com/christinning/qos-fixtures,0,0
clarsen_go-trello-workflow,https://github.com/clarsen/go-trello-workflow,0,0
claudijd_ssh_observatory,https://github.com/claudijd/ssh_observatory,0,0
CMetrot_TP_OutilDev,https://github.com/CMetrot/TP_OutilDev,0,0
colbywhite_why82-backend,https://github.com/colbywhite/why82-backend,0,0
coleHafner_v3.colehafner.com,https://github.com/coleHafner/v3.colehafner.com,0,0
coltonTB_writeydrawey.site,https://github.com/coltonTB/writeydrawey.site,0,0
CruGlobal_obiee-ws-ping,https://github.com/CruGlobal/obiee-ws-ping,0,0
CruGlobal_scale-of-belief-import,https://github.com/CruGlobal/scale-of-belief-import,0,0
dalesupa22_python-serverless-wsgi,https://github.com/dalesupa22/python-serverless-wsgi,0,0
danielschleindlsperger_syncify-legacy,https://github.com/danielschleindlsperger/syncify-legacy,0,0
danwdart_serverless-prs-github,https://github.com/danwdart/serverless-prs-github,0,0
dbramwell_davidbramwell,https://github.com/dbramwell/davidbramwell,0,0
dennisseidel_healthbot,https://github.com/dennisseidel/healthbot,0,0
deQuota_LiveWings-ng,https://github.com/deQuota/LiveWings-ng,0,0
DestinyClanManager_dcm-activity,https://github.com/DestinyClanManager/dcm-activity,0,0
DestinyClanManager_dcm-exemptions,https://github.com/DestinyClanManager/dcm-exemptions,0,0
DestinyClanManager_dcm-notes,https://github.com/DestinyClanManager/dcm-notes,0,0
DestinyClanManager_dcm-registry,https://github.com/DestinyClanManager/dcm-registry,0,0
DestinyClanManager_dcm-removals,https://github.com/DestinyClanManager/dcm-removals,0,0
dev8702_beyond.ts,https://github.com/dev8702/beyond.ts,0,0
Diceling_pythonprototyping,https://github.com/Diceling/pythonprototyping,0,0
diegoluiz_sandbox,https://github.com/diegoluiz/sandbox,0,0
dinesh9492_lambdatest,https://github.com/dinesh9492/lambdatest,0,0
dlidstrom_PrimeNumberCalculator,https://github.com/dlidstrom/PrimeNumberCalculator,0,0
dmikrot_slack-dnd-5e,https://github.com/dmikrot/slack-dnd-5e,0,0
donsuhr_serverless-webp-create,https://github.com/donsuhr/serverless-webp-create,0,0
doug7410_angela-todd-photography,https://github.com/doug7410/angela-todd-photography,0,0
EconomistDigitalSolutions_circleci-aws-key-rotator,https://github.com/EconomistDigitalSolutions/circleci-aws-key-rotator,0,0
einnor_camera-challenge,https://github.com/einnor/camera-challenge,0,0
el-asunto_interview-backend,https://github.com/el-asunto/interview-backend,0,0
elchicofrommo_ChicoCode,https://github.com/elchicofrommo/ChicoCode,0,0
elenakves_lambda-serverless-flask,https://github.com/elenakves/lambda-serverless-flask,0,0
emenendez_tamcounter,https://github.com/emenendez/tamcounter,0,0
emptyport_models-by-mike,https://github.com/emptyport/models-by-mike,0,0
episodehunter_image-proxy,https://github.com/episodehunter/image-proxy,0,0
EveryMundo_nodejs-techniques-benchmarks,https://github.com/EveryMundo/nodejs-techniques-benchmarks,0,0
fecaps-org_financial-control-api,https://github.com/fecaps-org/financial-control-api,0,0
feedm3_event-guru-backend,https://github.com/feedm3/event-guru-backend,0,0
Fiiii_fii-sls-auth0-auth,https://github.com/Fiiii/fii-sls-auth0-auth,0,0
Financial-Times_origami-webhooks,https://github.com/Financial-Times/origami-webhooks,0,0
forest-fire_serialized-query,https://github.com/forest-fire/serialized-query,0,0
fredagsdeploy_hashtag-lunch-reviews,https://github.com/fredagsdeploy/hashtag-lunch-reviews,0,0
fredde975_helpfiles,https://github.com/fredde975/helpfiles,0,0
fullstack412_AWS-serverless-starter,https://github.com/fullstack412/AWS-serverless-starter,0,0
Gakuzo_Test-CircleCI2.0,https://github.com/Gakuzo/Test-CircleCI2.0,0,0
gitgrimbo_br-experiments,https://github.com/gitgrimbo/br-experiments,0,0
gitgrimbo_ponds-forge-lane-swimming,https://github.com/gitgrimbo/ponds-forge-lane-swimming,0,0
GlobalHack_cemaritan,https://github.com/GlobalHack/cemaritan,0,0
gouthamkrishna_mad-scientist-app,https://github.com/gouthamkrishna/mad-scientist-app,0,0
grrr-amsterdam_microservice-decryptor,https://github.com/grrr-amsterdam/microservice-decryptor,0,0
HackCovid19CATS_cats-notes-backend,https://github.com/HackCovid19CATS/cats-notes-backend,0,0
hal2dy_lite-bot,https://github.com/hal2dy/lite-bot,0,0
haozhouhadoop_hzw,https://github.com/haozhouhadoop/hzw,0,0
Harrmalik_lit-stream,https://github.com/Harrmalik/lit-stream,0,0
harshurampur_dea-orchestration,https://github.com/harshurampur/dea-orchestration,0,0
hecforga_cocum,https://github.com/hecforga/cocum,0,0
hirobel_todoapp,https://github.com/hirobel/todoapp,0,0
hnybom_trebusses,https://github.com/hnybom/trebusses,0,0
horike37_serverless-python-development-kit,https://github.com/horike37/serverless-python-development-kit,0,0
howiempt_serverless-golf,https://github.com/howiempt/serverless-golf,0,0
huiwang_encore-serverless,https://github.com/huiwang/encore-serverless,0,0
inespines_gimme-time,https://github.com/inespines/gimme-time,0,0
influxiq1_beto_marketing,https://github.com/influxiq1/beto_marketing,0,0
interdigitize_providers-graphQL,https://github.com/interdigitize/providers-graphQL,0,0
ioanzicu_smart-brain,https://github.com/ioanzicu/smart-brain,0,0
iskandiar_serverlessrest,https://github.com/iskandiar/serverlessrest,0,0
iwaduarte_myportfolio,https://github.com/iwaduarte/myportfolio,0,0
jackdaw-mafia_BEND-Mafia-Test,https://github.com/jackdaw-mafia/BEND-Mafia-Test,0,0
Jackil-Rajnicant_Calculator,https://github.com/Jackil-Rajnicant/Calculator,0,0
jadalmiro_AWs,https://github.com/jadalmiro/AWs,0,0
jasonlimantoro_appointment-backend,https://github.com/jasonlimantoro/appointment-backend,0,0
jcdietrich_pull-requests-reminder,https://github.com/jcdietrich/pull-requests-reminder,0,0
jdortegar_teamWorkPlatformAPI,https://github.com/jdortegar/teamWorkPlatformAPI,0,0
jennyphan_aboutMe,https://github.com/jennyphan/aboutMe,0,0
jessemoon0_nature-landing,https://github.com/jessemoon0/nature-landing,0,0
JGMEYER_telegram-utility-bot,https://github.com/JGMEYER/telegram-utility-bot,0,0
JimLynchCodes_Jim-s-Twitter-Api-Experiments,https://github.com/JimLynchCodes/Jim-s-Twitter-Api-Experiments,0,0
jmaleonard_serverless-sns-sms-logs-to-ddb,https://github.com/jmaleonard/serverless-sns-sms-logs-to-ddb,0,0
JMFritz_CloudFormationBin-API,https://github.com/JMFritz/CloudFormationBin-API,0,0
jon-adams_ds-images,https://github.com/jon-adams/ds-images,0,0
jon-fearer_weather,https://github.com/jon-fearer/weather,0,0
jonas-lantto_ecb_sheet,https://github.com/jonas-lantto/ecb_sheet,0,0
joshg111_lambda-cars,https://github.com/joshg111/lambda-cars,0,0
Joshhw_ward-10-site,https://github.com/Joshhw/ward-10-site,0,0
jpswade_talk,https://github.com/jpswade/talk,0,0
jregel_SGI-test-bank,https://github.com/jregel/SGI-test-bank,0,0
jsjitsudotcom_feeds.api,https://github.com/jsjitsudotcom/feeds.api,0,0
julianghionoiu_dpnt-coverage,https://github.com/julianghionoiu/dpnt-coverage,0,0
julianghionoiu_dpnt-sourcecode,https://github.com/julianghionoiu/dpnt-sourcecode,0,0
june1123_testSources,https://github.com/june1123/testSources,0,0
jupiterandthegiraffe_website,https://github.com/jupiterandthegiraffe/website,0,0
jveldboom_raspberry-pi-iot-temperature-system,https://github.com/jveldboom/raspberry-pi-iot-temperature-system,0,0
kalevalp_hello-retail-secure-prop,https://github.com/kalevalp/hello-retail-secure-prop,0,0
kamranblueeast_aws-lambda-serverless,https://github.com/kamranblueeast/aws-lambda-serverless,0,0
KarenZhou0_Checkout-backend,https://github.com/KarenZhou0/Checkout-backend,0,0
kartik-rao_lib-forms-api,https://github.com/kartik-rao/lib-forms-api,0,0
kellyjanejove_chatbot,https://github.com/kellyjanejove/chatbot,0,0
kendyjm_udacity-cloud-developer-nd9990,https://github.com/kendyjm/udacity-cloud-developer-nd9990,0,0
kevinbece5_pencaAPI,https://github.com/kevinbece5/pencaAPI,0,0
kiloev_srvls,https://github.com/kiloev/srvls,0,0
koitoer_aws,https://github.com/koitoer/aws,0,0
kookmin-sw_2019-cap1-2019_14,https://github.com/kookmin-sw/2019-cap1-2019_14,0,0
KVladimr_webApp,https://github.com/KVladimr/webApp,0,0
lak1357_aws,https://github.com/lak1357/aws,0,0
lantrix_radiorbit-rss,https://github.com/lantrix/radiorbit-rss,0,0
legdba_servicebox-nodejs,https://github.com/legdba/servicebox-nodejs,0,0
legenddam_lambda-koa,https://github.com/legenddam/lambda-koa,0,0
lehtoinen_helsinginkullervo-fi,https://github.com/lehtoinen/helsinginkullervo-fi,0,0
leocamelo_pyxo,https://github.com/leocamelo/pyxo,0,0
lovefamilychildrenhappiness_ServerlessJestSpawnIssue,https://github.com/lovefamilychildrenhappiness/ServerlessJestSpawnIssue,0,0
lukeandersen_serverless-api,https://github.com/lukeandersen/serverless-api,0,0
LukeStanislaus_serverless-sailingweb,https://github.com/LukeStanislaus/serverless-sailingweb,0,0
lyrasis_cspace-sas-sync,https://github.com/lyrasis/cspace-sas-sync,0,0
madhavhugar_Kaggle-Challenges,https://github.com/madhavhugar/Kaggle-Challenges,0,0
Maev4l_celsus-contacts,https://github.com/Maev4l/celsus-contacts,0,0
Maev4l_celsus-core,https://github.com/Maev4l/celsus-core,0,0
MalteseScudo_stellarterm,https://github.com/MalteseScudo/stellarterm,0,0
maludwig_blank_serverless,https://github.com/maludwig/blank_serverless,0,0
mandrewes_server-or-less-sandpit,https://github.com/mandrewes/server-or-less-sandpit,0,0
markronquillo_notes,https://github.com/markronquillo/notes,0,0
marodeur100_greaterThan,https://github.com/marodeur100/greaterThan,0,0
marre_st1-serverless-ts,https://github.com/marre/st1-serverless-ts,0,0
marty331_aws_serverless_test,https://github.com/marty331/aws_serverless_test,0,0
mdmyr_JavaPatterns,https://github.com/mdmyr/JavaPatterns,0,0
meal-plannr_meal-plannr,https://github.com/meal-plannr/meal-plannr,0,0
MechanicalRock_ECS-Infrastructure,https://github.com/MechanicalRock/ECS-Infrastructure,0,0
mgoericke_javamark,https://github.com/mgoericke/javamark,0,0
mhero_js-serverless,https://github.com/mhero/js-serverless,0,0
micahbf_mapapp,https://github.com/micahbf/mapapp,0,0
michaelRealtair_Test,https://github.com/michaelRealtair/Test,0,0
michaelruocco_idv-serverless,https://github.com/michaelruocco/idv-serverless,0,0
microservices-training_food2go,https://github.com/microservices-training/food2go,0,0
miguel-a-calles-mba_secjuice,https://github.com/miguel-a-calles-mba/secjuice,0,0
mike-works_techcheck-server,https://github.com/mike-works/techcheck-server,0,0
mikeymclellan_brew-fridge,https://github.com/mikeymclellan/brew-fridge,0,0
minchao_slack-tw-weather,https://github.com/minchao/slack-tw-weather,0,0
mineshp_secret-santa-api,https://github.com/mineshp/secret-santa-api,0,0
mknawalaniec_ryan-doorman,https://github.com/mknawalaniec/ryan-doorman,0,0
mmmanyfold_forten-media,https://github.com/mmmanyfold/forten-media,0,0
mmmanyfold_salter-house,https://github.com/mmmanyfold/salter-house,0,0
mmmanyfold_this-machine-has-a-soul,https://github.com/mmmanyfold/this-machine-has-a-soul,0,0
MrGreenTea_mtg_bot_serverless,https://github.com/MrGreenTea/mtg_bot_serverless,0,0
mrjpierce_rpg-api,https://github.com/mrjpierce/rpg-api,0,0
Muizz-DS_serverless-contact-form-crud,https://github.com/Muizz-DS/serverless-contact-form-crud,0,0
mutual-of-enumclaw_orchestrator,https://github.com/mutual-of-enumclaw/orchestrator,0,0
nairtu_notes-app-serverless-api,https://github.com/nairtu/notes-app-serverless-api,0,0
NatawatK_Lambda-ExcelGenerator,https://github.com/NatawatK/Lambda-ExcelGenerator,0,0
NewFrontDoor_v100it-lambdas,https://github.com/NewFrontDoor/v100it-lambdas,0,0
ngocanh08431_contacts_api,https://github.com/ngocanh08431/contacts_api,0,0
nigelmathes_worlds-worst-serverless,https://github.com/nigelmathes/worlds-worst-serverless,0,0
niiknow_lambda-pdfxs3,https://github.com/niiknow/lambda-pdfxs3,0,0
nikitashade_quality,https://github.com/nikitashade/quality,0,0
Niko-La_gatnet,https://github.com/Niko-La/gatnet,0,0
npiper_ansible.ec2.solveapuzzle,https://github.com/npiper/ansible.ec2.solveapuzzle,0,0
odyssy-automaton_cryptosong,https://github.com/odyssy-automaton/cryptosong,0,0
ogdenstudios_openerr,https://github.com/ogdenstudios/openerr,0,0
ohr486_my_lifehack_tools,https://github.com/ohr486/my_lifehack_tools,0,0
oke-py_container-linux-release-feed,https://github.com/oke-py/container-linux-release-feed,0,0
oke-py_usn-notification,https://github.com/oke-py/usn-notification,0,0
olechka-dev_jump-test,https://github.com/olechka-dev/jump-test,0,0
onface_pkgzip,https://github.com/onface/pkgzip,0,0
onface_webpack.onface.live,https://github.com/onface/webpack.onface.live,0,0
OskrOne_lambda-performance,https://github.com/OskrOne/lambda-performance,0,0
owenrauckman_owenrauckman.github.io,https://github.com/owenrauckman/owenrauckman.github.io,0,0
ozaki25_ippo-server,https://github.com/ozaki25/ippo-server,0,0
pataraco_scripts,https://github.com/pataraco/scripts,0,0
pataruco_pod-api,https://github.com/pataruco/pod-api,0,0
patrickcollins12_REA-Scraper,https://github.com/patrickcollins12/REA-Scraper,0,0
patternmatch_serverless-dotnet-on-aws,https://github.com/patternmatch/serverless-dotnet-on-aws,0,0
paul-ridgway_serverless-ruby-on-rails,https://github.com/paul-ridgway/serverless-ruby-on-rails,0,0
paulohenriquefreitas_serverless-image,https://github.com/paulohenriquefreitas/serverless-image,0,0
PengWang0316_KairoScope-Backend-Hexagram,https://github.com/PengWang0316/KairoScope-Backend-Hexagram,0,0
PengWang0316_KairoScope-Backend-Unattached-Journal,https://github.com/PengWang0316/KairoScope-Backend-Unattached-Journal,0,0
PengWang0316_KairoScope-Backend-User,https://github.com/PengWang0316/KairoScope-Backend-User,0,0
PHPiotr_offshop-back-end,https://github.com/PHPiotr/offshop-back-end,0,0
pickleat_coffeeCodex,https://github.com/pickleat/coffeeCodex,0,0
pinksweets_pinksweets.github.io,https://github.com/pinksweets/pinksweets.github.io,0,0
Prasannads_serverless-hotel-aspect-score-calculator,https://github.com/Prasannads/serverless-hotel-aspect-score-calculator,0,0
prayushtatke_python,https://github.com/prayushtatke/python,0,0
quirk0o_cloud-functions,https://github.com/quirk0o/cloud-functions,0,0
RagtagOpen_formbot,https://github.com/RagtagOpen/formbot,0,0
rajeshvasamsetty_CodeTest,https://github.com/rajeshvasamsetty/CodeTest,0,0
rastoelias_serverless-stack-api,https://github.com/rastoelias/serverless-stack-api,0,0
RAvontuur_connect-four,https://github.com/RAvontuur/connect-four,0,0
rchillard_charon,https://github.com/rchillard/charon,0,0
reguv760_stripe-serverless-backend,https://github.com/reguv760/stripe-serverless-backend,0,0
rguerra712_coin-limit-trader,https://github.com/rguerra712/coin-limit-trader,0,0
rguerra712_mock-status-codes,https://github.com/rguerra712/mock-status-codes,0,0
richardtatum_api.r6.leaderboards.io,https://github.com/richardtatum/api.r6.leaderboards.io,0,0
rickosborne_bounce,https://github.com/rickosborne/bounce,0,0
ridegopher_strava,https://github.com/ridegopher/strava,0,0
rizowski_rs-items,https://github.com/rizowski/rs-items,0,0
rochefort_misc,https://github.com/rochefort/misc,0,0
rolme_refactor-services,https://github.com/rolme/refactor-services,0,0
rphansen91_block-ql,https://github.com/rphansen91/block-ql,0,0
rstar2_nodejs_aws-airsofia-check,https://github.com/rstar2/nodejs_aws-airsofia-check,0,0
rstar2_nodejs_aws-expirations-check,https://github.com/rstar2/nodejs_aws-expirations-check,0,0
rudreshgp_CSEM_2017,https://github.com/rudreshgp/CSEM_2017,0,0
ruibinch_sg-calculator,https://github.com/ruibinch/sg-calculator,0,0
Rukenshia_shipvote,https://github.com/Rukenshia/shipvote,0,0
ryanwestby_key-value-lambda,https://github.com/ryanwestby/key-value-lambda,0,0
ryoichi-obara_kokusaibus-scraper,https://github.com/ryoichi-obara/kokusaibus-scraper,0,0
s-barrah_serverless-notes-app-api,https://github.com/s-barrah/serverless-notes-app-api,0,0
SamCB_A-Server,https://github.com/SamCB/A-Server,0,0
sanchithoza_edusoul,https://github.com/sanchithoza/edusoul,0,0
scenarex_base-serverless-package,https://github.com/scenarex/base-serverless-package,0,0
seamusmc1989_springBootAwsLamba,https://github.com/seamusmc1989/springBootAwsLamba,0,0
seanh169_softwareDevelopment-,https://github.com/seanh169/softwareDevelopment-,0,0
sekaru_badbook,https://github.com/sekaru/badbook,0,0
sevengreenz_qiita-api-scratchpad-api,https://github.com/sevengreenz/qiita-api-scratchpad-api,0,0
shamsherkush_lambda-scheduler-deep,https://github.com/shamsherkush/lambda-scheduler-deep,0,0
shanmukhsuryapratap2_richard,https://github.com/shanmukhsuryapratap2/richard,0,0
shobuz03_java,https://github.com/shobuz03/java,0,0
sidneyw_sidneyw.com,https://github.com/sidneyw/sidneyw.com,0,0
skazkajs_skazka,https://github.com/skazkajs/skazka,0,0
slergberg_boilerplate-serverless-nodejs-aws,https://github.com/slergberg/boilerplate-serverless-nodejs-aws,0,0
slushnys_serverless-sns-communication,https://github.com/slushnys/serverless-sns-communication,0,0
SmilesAir_StarterProject,https://github.com/SmilesAir/StarterProject,0,0
smstojanovic_sandbox,https://github.com/smstojanovic/sandbox,0,0
snaka_code-pocket,https://github.com/snaka/code-pocket,0,0
snaka_skill-tcfm-player,https://github.com/snaka/skill-tcfm-player,0,0
sofiaisha_aws-julie,https://github.com/sofiaisha/aws-julie,0,0
sothawo_taboo4serverless,https://github.com/sothawo/taboo4serverless,0,0
sourcier_musical-waffle,https://github.com/sourcier/musical-waffle,0,0
Sparticuz_dazser-payment-portal,https://github.com/Sparticuz/dazser-payment-portal,0,0
sportnumerics_explorer-api,https://github.com/sportnumerics/explorer-api,0,0
sprakash57_serverless-keeper,https://github.com/sprakash57/serverless-keeper,0,0
sprunger_starter-nodejs-serverless,https://github.com/sprunger/starter-nodejs-serverless,0,0
stigsell_recipes,https://github.com/stigsell/recipes,0,0
Stradivario_gapi-starter-serverless,https://github.com/Stradivario/gapi-starter-serverless,0,0
SumOfUs_mailing_service,https://github.com/SumOfUs/mailing_service,0,0
sunyikang_skilltraining,https://github.com/sunyikang/skilltraining,0,0
sushena_Scripts,https://github.com/sushena/Scripts,0,0
swishbit_paymentgateway,https://github.com/swishbit/paymentgateway,0,0
syon_chase-ios,https://github.com/syon/chase-ios,0,0
tabordasolutions_nics-esrifeature-processor,https://github.com/tabordasolutions/nics-esrifeature-processor,0,0
TakuKobayashi_spotgacha,https://github.com/TakuKobayashi/spotgacha,0,0
Tannheuser_UltraRacing,https://github.com/Tannheuser/UltraRacing,0,0
tcreeds_challenger,https://github.com/tcreeds/challenger,0,0
tdehollain_barelinks,https://github.com/tdehollain/barelinks,0,0
thecodingrobot_serverless-kafka-manager,https://github.com/thecodingrobot/serverless-kafka-manager,0,0
theliturgists_backend,https://github.com/theliturgists/backend,0,0
therockstorm_watchtowr,https://github.com/therockstorm/watchtowr,0,0
thomasm1_AllCloud,https://github.com/thomasm1/AllCloud,0,0
thuringia_aws-lambda-utils,https://github.com/thuringia/aws-lambda-utils,0,0
tiffyzsmile_tiffanylea-com,https://github.com/tiffyzsmile/tiffanylea-com,0,0
timothysugar_bin-day,https://github.com/timothysugar/bin-day,0,0
TinkerTanked_image-lambda,https://github.com/TinkerTanked/image-lambda,0,0
toddcoulson_TrinityPTO,https://github.com/toddcoulson/TrinityPTO,0,0
tomegorny_temp,https://github.com/tomegorny/temp,0,0
tomtwo_serverless-boilerplate,https://github.com/tomtwo/serverless-boilerplate,0,0
topherwenceslaus_notes-app-api,https://github.com/topherwenceslaus/notes-app-api,0,0
tradle_mycloud-services,https://github.com/tradle/mycloud-services,0,0
Travelport-Czech_aws-serverless-dynamodb-sandbox,https://github.com/Travelport-Czech/aws-serverless-dynamodb-sandbox,0,0
tsub_hanami-sandbox,https://github.com/tsub/hanami-sandbox,0,0
tubackkhoa_bitwarden-sqlite-local,https://github.com/tubackkhoa/bitwarden-sqlite-local,0,0
turingarena_turingarena-legacy,https://github.com/turingarena/turingarena-legacy,0,0
twils0_finance-sls-lambda-node-db,https://github.com/twils0/finance-sls-lambda-node-db,0,0
typicalArtem_site,https://github.com/typicalArtem/site,0,0
Vardkin_serverless_notes_app,https://github.com/Vardkin/serverless_notes_app,0,0
vatscy_sandbox,https://github.com/vatscy/sandbox,0,0
vicente-valls_reminder,https://github.com/vicente-valls/reminder,0,0
vinodkumarpr_dev,https://github.com/vinodkumarpr/dev,0,0
virtualmadden_Aws.Lambda.Api,https://github.com/virtualmadden/Aws.Lambda.Api,0,0
vishpatel913_tshirt-weather-react-native,https://github.com/vishpatel913/tshirt-weather-react-native,0,0
vnenkpet_japanese,https://github.com/vnenkpet/japanese,0,0
vprotsan_v3,https://github.com/vprotsan/v3,0,0
Web-tree_auth,https://github.com/Web-tree/auth,0,0
wenceslauslee_sudoku-backend,https://github.com/wenceslauslee/sudoku-backend,0,0
wsaidac_bc-nuxt,https://github.com/wsaidac/bc-nuxt,0,0
xueyan123321_cloud-developer-homework,https://github.com/xueyan123321/cloud-developer-homework,0,0
yadam_portfolio,https://github.com/yadam/portfolio,0,0
yashwanthchannegowda_ec2-lambdas,https://github.com/yashwanthchannegowda/ec2-lambdas,0,0
yohanmishkin_reminder-back,https://github.com/yohanmishkin/reminder-back,0,0
YongHoonJJo_aws-lambda,https://github.com/YongHoonJJo/aws-lambda,0,0
yossaj_aws-notes-walkthrough,https://github.com/yossaj/aws-notes-walkthrough,0,0
yossaj_Collabs,https://github.com/yossaj/Collabs,0,0
yoursweater_reviews,https://github.com/yoursweater/reviews,0,0
YourWishes_domsPlace,https://github.com/YourWishes/domsPlace,0,0
yuya-takeyama_keyakizaka46-rss,https://github.com/yuya-takeyama/keyakizaka46-rss,0,0
zakattack9_zaksakata.com,https://github.com/zakattack9/zaksakata.com,0,0
zgolus_lambda_basic_auth,https://github.com/zgolus/lambda_basic_auth,0,0
zhammer_adventure-anywhere,https://github.com/zhammer/adventure-anywhere,0,0
ZlobinIlya_AllPatterns,https://github.com/ZlobinIlya/AllPatterns,0,0
zommerfelds_website-cz,https://github.com/zommerfelds/website-cz,0,0
zyberspace_dota-qualifier-streams,https://github.com/zyberspace/dota-qualifier-streams,0,0
